<?xml version="1.0" encoding="UTF-8"?>
<GenRun Id="impl_1" LaunchPart="xc7a35tcpg236-1" LaunchTime="1741012241">
  <File Type="ROUTE-PWR" Name="PulseWidthModulator_power_routed.rpt"/>
  <File Type="PA-TCL" Name="PulseWidthModulator.tcl"/>
  <File Type="ROUTE-PWR-SUM" Name="PulseWidthModulator_power_summary_routed.pb"/>
  <File Type="REPORTS-TCL" Name="PulseWidthModulator_reports.tcl"/>
  <File Type="BITSTR-MSK" Name="PulseWidthModulator.msk"/>
  <File Type="ROUTE-CLK" Name="PulseWidthModulator_clock_utilization_routed.rpt"/>
  <File Type="RDI-RDI" Name="PulseWidthModulator.vdi"/>
  <File Type="BG-BIT" Name="PulseWidthModulator.bit"/>
  <File Type="BG-DRC" Name="PulseWidthModulator.drc"/>
  <File Type="BG-BGN" Name="PulseWidthModulator.bgn"/>
  <File Type="BG-BIN" Name="PulseWidthModulator.bin"/>
  <File Type="BITSTR-RBT" Name="PulseWidthModulator.rbt"/>
  <File Type="BITSTR-NKY" Name="PulseWidthModulator.nky"/>
  <File Type="BITSTR-BMM" Name="PulseWidthModulator_bd.bmm"/>
  <File Type="ROUTE-METHODOLOGY-DRC" Name="PulseWidthModulator_methodology_drc_routed.rpt"/>
  <File Type="BITSTR-MMI" Name="PulseWidthModulator.mmi"/>
  <File Type="BITSTR-SYSDEF" Name="PulseWidthModulator.sysdef"/>
  <File Type="BITSTR-LTX" Name="debug_nets.ltx"/>
  <File Type="BITSTR-LTX" Name="PulseWidthModulator.ltx"/>
  <File Type="WBT-USG" Name="usage_statistics_webtalk.html"/>
  <File Type="OPT-DRC" Name="PulseWidthModulator_drc_opted.rpt"/>
  <File Type="OPT-HWDEF" Name="PulseWidthModulator.hwdef"/>
  <File Type="PLACE-IO" Name="PulseWidthModulator_io_placed.rpt"/>
  <File Type="PLACE-UTIL" Name="PulseWidthModulator_utilization_placed.rpt"/>
  <File Type="PLACE-UTIL-PB" Name="PulseWidthModulator_utilization_placed.pb"/>
  <File Type="PLACE-CTRL" Name="PulseWidthModulator_control_sets_placed.rpt"/>
  <File Type="PLACE-PRE-SIMILARITY" Name="PulseWidthModulator_incremental_reuse_pre_placed.rpt"/>
  <File Type="ROUTE-DRC" Name="PulseWidthModulator_drc_routed.rpt"/>
  <File Type="ROUTE-DRC-PB" Name="PulseWidthModulator_drc_routed.pb"/>
  <File Type="ROUTE-PWR-RPX" Name="PulseWidthModulator_power_routed.rpx"/>
  <File Type="ROUTE-STATUS" Name="PulseWidthModulator_route_status.rpt"/>
  <File Type="ROUTE-STATUS-PB" Name="PulseWidthModulator_route_status.pb"/>
  <File Type="ROUTE-DCP" Name="PulseWidthModulator_routed.dcp"/>
  <File Type="ROUTE-ERROR-DCP" Name="PulseWidthModulator_routed_error.dcp"/>
  <File Type="ROUTE-BLACKBOX-DCP" Name="PulseWidthModulator_routed_bb.dcp"/>
  <File Type="ROUTE-TIMINGSUMMARY" Name="PulseWidthModulator_timing_summary_routed.rpt"/>
  <File Type="ROUTE-TIMING-PB" Name="PulseWidthModulator_timing_summary_routed.pb"/>
  <File Type="ROUTE-TIMING-RPX" Name="PulseWidthModulator_timing_summary_routed.rpx"/>
  <File Type="ROUTE-BUS-SKEW" Name="PulseWidthModulator_bus_skew_routed.rpt"/>
  <File Type="ROUTE-BUS-SKEW-PB" Name="PulseWidthModulator_bus_skew_routed.pb"/>
  <File Type="ROUTE-BUS-SKEW-RPX" Name="PulseWidthModulator_bus_skew_routed.rpx"/>
  <File Type="OPT-DCP" Name="PulseWidthModulator_opt.dcp"/>
  <File Type="PLACE-DCP" Name="PulseWidthModulator_placed.dcp"/>
  <File Type="PWROPT-DCP" Name="PulseWidthModulator_pwropt.dcp"/>
  <File Type="POSTPLACE-PWROPT-DCP" Name="PulseWidthModulator_postplace_pwropt.dcp"/>
  <File Type="PHYSOPT-DCP" Name="PulseWidthModulator_physopt.dcp"/>
  <File Type="POSTROUTE-PHYSOPT-DCP" Name="PulseWidthModulator_postroute_physopt.dcp"/>
  <File Type="POSTROUTE-PHYSOPT-BLACKBOX-DCP" Name="PulseWidthModulator_postroute_physopt_bb.dcp"/>
  <File Type="ROUTE-METHODOLOGY-DRC-PB" Name="PulseWidthModulator_methodology_drc_routed.pb"/>
  <File Type="ROUTE-DRC-RPX" Name="PulseWidthModulator_drc_routed.rpx"/>
  <File Type="ROUTE-METHODOLOGY-DRC-RPX" Name="PulseWidthModulator_methodology_drc_routed.rpx"/>
  <File Type="PDI-FILE" Name="PulseWidthModulator.pdi"/>
  <File Type="RCFI_FILE" Name="PulseWidthModulator.rcfi"/>
  <File Type="CFI_FILE" Name="PulseWidthModulator.cfi"/>
  <File Type="RNPI_FILE" Name="PulseWidthModulator.rnpi"/>
  <File Type="NPI_FILE" Name="PulseWidthModulator.npi"/>
  <File Type="RBD_FILE" Name="PulseWidthModulator.rbd"/>
  <FileSet Name="sources" Type="DesignSrcs" RelSrcDir="$PSRCDIR/sources_1" RelGenDir="$PGENDIR/sources_1">
    <Filter Type="Srcs"/>
    <File Path="$PSRCDIR/sources_1/new/PulseWidthModulator.vhd">
      <FileInfo>
        <Attr Name="ImportPath" Val="$PPRDIR/../../../../lab_0_PWM.srcs/sources_1/new/PulseWidthModulator.vhd"/>
        <Attr Name="ImportTime" Val="1741010532"/>
        <Attr Name="UsedIn" Val="synthesis"/>
        <Attr Name="UsedIn" Val="simulation"/>
      </FileInfo>
    </File>
    <Config>
      <Option Name="DesignMode" Val="RTL"/>
      <Option Name="TopModule" Val="PulseWidthModulator"/>
    </Config>
  </FileSet>
  <FileSet Name="constrs_in" Type="Constrs" RelSrcDir="$PSRCDIR/constrs_1">
    <Filter Type="Constrs"/>
    <File Path="$PSRCDIR/constrs_1/new/constraints.xdc">
      <FileInfo>
        <Attr Name="ImportPath" Val="$PPRDIR/../../../../lab_0_PWM.srcs/constrs_1/new/constraints.xdc"/>
        <Attr Name="ImportTime" Val="1741012212"/>
        <Attr Name="UsedIn" Val="synthesis"/>
        <Attr Name="UsedIn" Val="implementation"/>
      </FileInfo>
    </File>
    <Config>
      <Option Name="ConstrsType" Val="XDC"/>
    </Config>
  </FileSet>
  <FileSet Name="utils" Type="Utils" RelSrcDir="$PSRCDIR/utils_1">
    <Filter Type="Utils"/>
    <Config>
      <Option Name="TopAutoSet" Val="TRUE"/>
    </Config>
  </FileSet>
  <Strategy Version="1" Minor="2">
    <StratHandle Name="Vivado Implementation Defaults" Flow="Vivado Implementation 2020"/>
    <Step Id="init_design"/>
    <Step Id="opt_design"/>
    <Step Id="power_opt_design"/>
    <Step Id="place_design"/>
    <Step Id="post_place_power_opt_design"/>
    <Step Id="phys_opt_design"/>
    <Step Id="route_design"/>
    <Step Id="post_route_phys_opt_design"/>
    <Step Id="write_bitstream"/>
    <Step Id="write_device_image"/>
  </Strategy>
</GenRun>
