<?xml version="1.0" encoding="UTF-8"?>
<GenRun Id="impl_1" LaunchPart="xc7a35tcpg236-1" LaunchTime="1748624088">
  <File Type="ROUTE-PWR" Name="top_bd_wrapper_power_routed.rpt"/>
  <File Type="PA-TCL" Name="top_bd_wrapper.tcl"/>
  <File Type="ROUTE-PWR-SUM" Name="top_bd_wrapper_power_summary_routed.pb"/>
  <File Type="REPORTS-TCL" Name="top_bd_wrapper_reports.tcl"/>
  <File Type="BITSTR-MSK" Name="top_bd_wrapper.msk"/>
  <File Type="ROUTE-CLK" Name="top_bd_wrapper_clock_utilization_routed.rpt"/>
  <File Type="RDI-RDI" Name="top_bd_wrapper.vdi"/>
  <File Type="BG-BIT" Name="top_bd_wrapper.bit"/>
  <File Type="BG-DRC" Name="top_bd_wrapper.drc"/>
  <File Type="BG-BGN" Name="top_bd_wrapper.bgn"/>
  <File Type="BG-BIN" Name="top_bd_wrapper.bin"/>
  <File Type="BITSTR-RBT" Name="top_bd_wrapper.rbt"/>
  <File Type="BITSTR-NKY" Name="top_bd_wrapper.nky"/>
  <File Type="BITSTR-BMM" Name="top_bd_wrapper_bd.bmm"/>
  <File Type="ROUTE-METHODOLOGY-DRC" Name="top_bd_wrapper_methodology_drc_routed.rpt"/>
  <File Type="BITSTR-MMI" Name="top_bd_wrapper.mmi"/>
  <File Type="BITSTR-SYSDEF" Name="top_bd_wrapper.sysdef"/>
  <File Type="BITSTR-LTX" Name="debug_nets.ltx"/>
  <File Type="BITSTR-LTX" Name="top_bd_wrapper.ltx"/>
  <File Type="WBT-USG" Name="usage_statistics_webtalk.html"/>
  <File Type="OPT-DRC" Name="top_bd_wrapper_drc_opted.rpt"/>
  <File Type="OPT-HWDEF" Name="top_bd_wrapper.hwdef"/>
  <File Type="PLACE-IO" Name="top_bd_wrapper_io_placed.rpt"/>
  <File Type="PLACE-UTIL" Name="top_bd_wrapper_utilization_placed.rpt"/>
  <File Type="PLACE-UTIL-PB" Name="top_bd_wrapper_utilization_placed.pb"/>
  <File Type="PLACE-CTRL" Name="top_bd_wrapper_control_sets_placed.rpt"/>
  <File Type="PLACE-PRE-SIMILARITY" Name="top_bd_wrapper_incremental_reuse_pre_placed.rpt"/>
  <File Type="ROUTE-DRC" Name="top_bd_wrapper_drc_routed.rpt"/>
  <File Type="ROUTE-DRC-PB" Name="top_bd_wrapper_drc_routed.pb"/>
  <File Type="ROUTE-PWR-RPX" Name="top_bd_wrapper_power_routed.rpx"/>
  <File Type="ROUTE-STATUS" Name="top_bd_wrapper_route_status.rpt"/>
  <File Type="ROUTE-STATUS-PB" Name="top_bd_wrapper_route_status.pb"/>
  <File Type="ROUTE-DCP" Name="top_bd_wrapper_routed.dcp"/>
  <File Type="ROUTE-ERROR-DCP" Name="top_bd_wrapper_routed_error.dcp"/>
  <File Type="ROUTE-BLACKBOX-DCP" Name="top_bd_wrapper_routed_bb.dcp"/>
  <File Type="ROUTE-TIMINGSUMMARY" Name="top_bd_wrapper_timing_summary_routed.rpt"/>
  <File Type="ROUTE-TIMING-PB" Name="top_bd_wrapper_timing_summary_routed.pb"/>
  <File Type="ROUTE-TIMING-RPX" Name="top_bd_wrapper_timing_summary_routed.rpx"/>
  <File Type="ROUTE-BUS-SKEW" Name="top_bd_wrapper_bus_skew_routed.rpt"/>
  <File Type="ROUTE-BUS-SKEW-PB" Name="top_bd_wrapper_bus_skew_routed.pb"/>
  <File Type="ROUTE-BUS-SKEW-RPX" Name="top_bd_wrapper_bus_skew_routed.rpx"/>
  <File Type="OPT-DCP" Name="top_bd_wrapper_opt.dcp"/>
  <File Type="PLACE-DCP" Name="top_bd_wrapper_placed.dcp"/>
  <File Type="PWROPT-DCP" Name="top_bd_wrapper_pwropt.dcp"/>
  <File Type="POSTPLACE-PWROPT-DCP" Name="top_bd_wrapper_postplace_pwropt.dcp"/>
  <File Type="PHYSOPT-DCP" Name="top_bd_wrapper_physopt.dcp"/>
  <File Type="POSTROUTE-PHYSOPT-DCP" Name="top_bd_wrapper_postroute_physopt.dcp"/>
  <File Type="POSTROUTE-PHYSOPT-BLACKBOX-DCP" Name="top_bd_wrapper_postroute_physopt_bb.dcp"/>
  <File Type="ROUTE-METHODOLOGY-DRC-PB" Name="top_bd_wrapper_methodology_drc_routed.pb"/>
  <File Type="ROUTE-DRC-RPX" Name="top_bd_wrapper_drc_routed.rpx"/>
  <File Type="ROUTE-METHODOLOGY-DRC-RPX" Name="top_bd_wrapper_methodology_drc_routed.rpx"/>
  <File Type="PDI-FILE" Name="top_bd_wrapper.pdi"/>
  <File Type="RCFI_FILE" Name="top_bd_wrapper.rcfi"/>
  <File Type="CFI_FILE" Name="top_bd_wrapper.cfi"/>
  <File Type="RNPI_FILE" Name="top_bd_wrapper.rnpi"/>
  <File Type="NPI_FILE" Name="top_bd_wrapper.npi"/>
  <File Type="RBD_FILE" Name="top_bd_wrapper.rbd"/>
  <FileSet Name="sources" Type="DesignSrcs" RelSrcDir="$PSRCDIR/sources_1" RelGenDir="$PGENDIR/sources_1">
    <Filter Type="Srcs"/>
    <File Path="$PSRCDIR/sources_1/imports/repos/desd/lab3/template/jstk_uart_bridge.vhd">
      <FileInfo>
        <Attr Name="ImportPath" Val="$PPRDIR/../../../../../../repos/desd/lab3/template/jstk_uart_bridge.vhd"/>
        <Attr Name="ImportTime" Val="1746902332"/>
        <Attr Name="UsedIn" Val="synthesis"/>
        <Attr Name="UsedIn" Val="simulation"/>
      </FileInfo>
    </File>
    <File Path="$PSRCDIR/sources_1/imports/projects/digilent_jstk2.vhd">
      <FileInfo>
        <Attr Name="ImportPath" Val="$PPRDIR/../../../../../digilent_jstk2.vhd"/>
        <Attr Name="ImportTime" Val="1747406700"/>
        <Attr Name="UsedIn" Val="synthesis"/>
        <Attr Name="UsedIn" Val="simulation"/>
      </FileInfo>
    </File>
    <File Path="$PSRCDIR/sources_1/bd/top_bd/top_bd.bd">
      <FileInfo>
        <Attr Name="ImportPath" Val="$PPRDIR/../../../../../../../../../../Documents/vivado/Documents/Vivado/DESD/2021-2022/lab3/lab3.srcs/sources_1/bd/top_bd/top_bd.bd"/>
        <Attr Name="ImportTime" Val="1652967637"/>
        <Attr Name="UsedIn" Val="synthesis"/>
        <Attr Name="UsedIn" Val="implementation"/>
        <Attr Name="UsedIn" Val="simulation"/>
      </FileInfo>
    </File>
    <File Path="$PSRCDIR/sources_1/imports/top_bd_wrapper.vhd">
      <FileInfo>
        <Attr Name="ImportPath" Val="$PPRDIR/../../../../lab3.gen/sources_1/bd/top_bd/hdl/top_bd_wrapper.vhd"/>
        <Attr Name="ImportTime" Val="1748624084"/>
        <Attr Name="UsedIn" Val="synthesis"/>
        <Attr Name="UsedIn" Val="simulation"/>
      </FileInfo>
    </File>
    <File Path="$PSRCDIR/sources_1/new/digilent_jstk2.vhd">
      <FileInfo>
        <Attr Name="UserDisabled" Val="1"/>
        <Attr Name="ImportPath" Val="$PPRDIR/../../../../../../../../../../Documents/vivado/Documents/Vivado/DESD/2021-2022/lab3/lab3.srcs/sources_1/new/digilent_jstk2.vhd"/>
        <Attr Name="ImportTime" Val="1652707996"/>
        <Attr Name="UsedIn" Val="synthesis"/>
        <Attr Name="UsedIn" Val="simulation"/>
      </FileInfo>
    </File>
    <File Path="$PSRCDIR/sources_1/new/LFO.vhd">
      <FileInfo>
        <Attr Name="AutoDisabled" Val="1"/>
        <Attr Name="ImportPath" Val="$PPRDIR/../../../../../../../../Documents/Didattica/DESD2025/LAB3/encrypted/LFO.vhd"/>
        <Attr Name="ImportTime" Val="1746692404"/>
        <Attr Name="UsedIn" Val="synthesis"/>
        <Attr Name="UsedIn" Val="simulation"/>
      </FileInfo>
    </File>
    <File Path="$PSRCDIR/sources_1/new/all_pass_filter.vhd">
      <FileInfo>
        <Attr Name="AutoDisabled" Val="1"/>
        <Attr Name="ImportPath" Val="$PPRDIR/../../../../../../../../Documents/Didattica/DESD2025/LAB3/encrypted/all_pass_filter.vhd"/>
        <Attr Name="ImportTime" Val="1746692053"/>
        <Attr Name="UsedIn" Val="synthesis"/>
        <Attr Name="UsedIn" Val="simulation"/>
      </FileInfo>
    </File>
    <File Path="$PSRCDIR/sources_1/new/balance_controller.vhd">
      <FileInfo>
        <Attr Name="AutoDisabled" Val="1"/>
        <Attr Name="ImportPath" Val="$PPRDIR/../../../../../../../../Documents/Didattica/DESD2025/LAB3/encrypted/balance_controller.vhd"/>
        <Attr Name="ImportTime" Val="1746692431"/>
        <Attr Name="UsedIn" Val="synthesis"/>
        <Attr Name="UsedIn" Val="simulation"/>
      </FileInfo>
    </File>
    <File Path="$PSRCDIR/sources_1/new/debouncer.vhd">
      <FileInfo>
        <Attr Name="AutoDisabled" Val="1"/>
        <Attr Name="ImportPath" Val="$PPRDIR/../../../../../../../../Music/lab3/lab3.srcs/sources_1/new/debouncer.vhd"/>
        <Attr Name="ImportTime" Val="1588775022"/>
        <Attr Name="UsedIn" Val="synthesis"/>
        <Attr Name="UsedIn" Val="simulation"/>
      </FileInfo>
    </File>
    <File Path="$PSRCDIR/sources_1/new/edge_detector_toggle.vhd">
      <FileInfo>
        <Attr Name="AutoDisabled" Val="1"/>
        <Attr Name="ImportPath" Val="$PPRDIR/../../../../../../../../../../Documents/vivado/Documents/Vivado/DESD/2021-2022/lab3/lab3.srcs/sources_1/new/edge_detector_toggle.vhd"/>
        <Attr Name="ImportTime" Val="1652708857"/>
        <Attr Name="UsedIn" Val="synthesis"/>
        <Attr Name="UsedIn" Val="simulation"/>
      </FileInfo>
    </File>
    <File Path="$PSRCDIR/sources_1/new/effect_selector.vhd">
      <FileInfo>
        <Attr Name="AutoDisabled" Val="1"/>
        <Attr Name="ImportPath" Val="$PPRDIR/../../../../../../../../Documents/Didattica/DESD2025/LAB3/encrypted/effect_selector.vhd"/>
        <Attr Name="ImportTime" Val="1746692493"/>
        <Attr Name="UsedIn" Val="synthesis"/>
        <Attr Name="UsedIn" Val="simulation"/>
      </FileInfo>
    </File>
    <File Path="$PSRCDIR/sources_1/new/led_controller.vhd">
      <FileInfo>
        <Attr Name="AutoDisabled" Val="1"/>
        <Attr Name="ImportPath" Val="$PPRDIR/../../../../../../../../Documents/Didattica/DESD2025/LAB3/encrypted/led_controller.vhd"/>
        <Attr Name="ImportTime" Val="1746692606"/>
        <Attr Name="UsedIn" Val="synthesis"/>
        <Attr Name="UsedIn" Val="simulation"/>
      </FileInfo>
    </File>
    <File Path="$PSRCDIR/sources_1/new/led_level_controller.vhd">
      <FileInfo>
        <Attr Name="AutoDisabled" Val="1"/>
        <Attr Name="ImportPath" Val="$PPRDIR/../../../../../../../../Documents/Didattica/DESD2025/LAB3/encrypted/led_level_controller.vhd"/>
        <Attr Name="ImportTime" Val="1746692676"/>
        <Attr Name="UsedIn" Val="synthesis"/>
        <Attr Name="UsedIn" Val="simulation"/>
      </FileInfo>
    </File>
    <File Path="$PSRCDIR/sources_1/imports/encrypted/moving_average_filter.vhd">
      <FileInfo>
        <Attr Name="AutoDisabled" Val="1"/>
        <Attr Name="ImportPath" Val="$PPRDIR/../../../../../../../../Documents/Didattica/DESD2025/LAB3/encrypted/moving_average_filter.vhd"/>
        <Attr Name="ImportTime" Val="1746692316"/>
        <Attr Name="UsedIn" Val="synthesis"/>
        <Attr Name="UsedIn" Val="simulation"/>
      </FileInfo>
    </File>
    <File Path="$PSRCDIR/sources_1/new/moving_average_filter_en.vhd">
      <FileInfo>
        <Attr Name="AutoDisabled" Val="1"/>
        <Attr Name="ImportPath" Val="$PPRDIR/../../../../../../../../Documents/Didattica/DESD2025/LAB3/encrypted/moving_average_filter_en.vhd"/>
        <Attr Name="ImportTime" Val="1746692330"/>
        <Attr Name="UsedIn" Val="synthesis"/>
        <Attr Name="UsedIn" Val="simulation"/>
      </FileInfo>
    </File>
    <File Path="$PSRCDIR/sources_1/new/mute_controller.vhd">
      <FileInfo>
        <Attr Name="AutoDisabled" Val="1"/>
        <Attr Name="ImportPath" Val="$PPRDIR/../../../../../../../../Documents/Didattica/DESD2025/LAB3/encrypted/mute_controller.vhd"/>
        <Attr Name="ImportTime" Val="1746692688"/>
        <Attr Name="UsedIn" Val="synthesis"/>
        <Attr Name="UsedIn" Val="simulation"/>
      </FileInfo>
    </File>
    <File Path="$PSRCDIR/sources_1/new/volume_controller.vhd">
      <FileInfo>
        <Attr Name="AutoDisabled" Val="1"/>
        <Attr Name="ImportPath" Val="$PPRDIR/../../../../../../../../Documents/Didattica/DESD2025/LAB3/encrypted/volume_controller.vhd"/>
        <Attr Name="ImportTime" Val="1746692381"/>
        <Attr Name="UsedIn" Val="synthesis"/>
        <Attr Name="UsedIn" Val="simulation"/>
      </FileInfo>
    </File>
    <File Path="$PSRCDIR/sources_1/new/volume_multiplier.vhd">
      <FileInfo>
        <Attr Name="AutoDisabled" Val="1"/>
        <Attr Name="ImportPath" Val="$PPRDIR/../../../../../../../../Documents/Didattica/DESD2025/LAB3/encrypted/volume_multiplier.vhd"/>
        <Attr Name="ImportTime" Val="1746692359"/>
        <Attr Name="UsedIn" Val="synthesis"/>
        <Attr Name="UsedIn" Val="simulation"/>
      </FileInfo>
    </File>
    <File Path="$PSRCDIR/sources_1/new/volume_saturator.vhd">
      <FileInfo>
        <Attr Name="AutoDisabled" Val="1"/>
        <Attr Name="ImportPath" Val="$PPRDIR/../../../../../../../../Documents/Didattica/DESD2025/LAB3/encrypted/volume_saturator.vhd"/>
        <Attr Name="ImportTime" Val="1746692353"/>
        <Attr Name="UsedIn" Val="synthesis"/>
        <Attr Name="UsedIn" Val="simulation"/>
      </FileInfo>
    </File>
    <File Path="$PSRCDIR/sources_1/imports/lab3/archive_project_summary.txt">
      <FileInfo>
        <Attr Name="ImportPath" Val="$PPRDIR/../../../../../../../../Documents/Didattica/DESD2025/LAB3/lab3/archive_project_summary.txt"/>
        <Attr Name="ImportTime" Val="1718028444"/>
      </FileInfo>
    </File>
    <File Path="$PSRCDIR/sources_1/imports/lab3_loopback/archive_project_summary.txt">
      <FileInfo>
        <Attr Name="ImportPath" Val="$PPRDIR/../../../../archive_project_summary.txt"/>
        <Attr Name="ImportTime" Val="1747407586"/>
      </FileInfo>
    </File>
    <Config>
      <Option Name="DesignMode" Val="RTL"/>
      <Option Name="TopModule" Val="top_bd_wrapper"/>
    </Config>
  </FileSet>
  <FileSet Name="constrs_in" Type="Constrs" RelSrcDir="$PSRCDIR/constrs_1">
    <Filter Type="Constrs"/>
    <File Path="$PSRCDIR/constrs_1/new/io.xdc">
      <FileInfo>
        <Attr Name="ImportPath" Val="$PPRDIR/../../../../../../../../../../Documents/vivado/Documents/Vivado/DESD/2021-2022/lab3/lab3.srcs/constrs_1/new/io.xdc"/>
        <Attr Name="ImportTime" Val="1652708400"/>
        <Attr Name="UsedIn" Val="synthesis"/>
        <Attr Name="UsedIn" Val="implementation"/>
      </FileInfo>
    </File>
    <Config>
      <Option Name="TargetConstrsFile" Val="$PSRCDIR/constrs_1/new/io.xdc"/>
      <Option Name="ConstrsType" Val="XDC"/>
    </Config>
  </FileSet>
  <FileSet Name="utils" Type="Utils" RelSrcDir="$PSRCDIR/utils_1">
    <Filter Type="Utils"/>
    <Config>
      <Option Name="TopAutoSet" Val="TRUE"/>
    </Config>
  </FileSet>
  <Strategy Version="1" Minor="2">
    <StratHandle Name="Vivado Implementation Defaults" Flow="Vivado Implementation 2020"/>
    <Step Id="init_design"/>
    <Step Id="opt_design"/>
    <Step Id="power_opt_design"/>
    <Step Id="place_design"/>
    <Step Id="post_place_power_opt_design"/>
    <Step Id="phys_opt_design"/>
    <Step Id="route_design"/>
    <Step Id="post_route_phys_opt_design"/>
    <Step Id="write_bitstream"/>
    <Step Id="write_device_image"/>
  </Strategy>
  <BlockFileSet Type="BlockSrcs" Name="top_bd_clk_wiz_0_0"/>
  <BlockFileSet Type="BlockSrcs" Name="top_bd_AXI4Stream_UART_0_0"/>
  <BlockFileSet Type="BlockSrcs" Name="top_bd_jstk_uart_bridge_0_0"/>
  <BlockFileSet Type="BlockSrcs" Name="top_bd_digilent_jstk2_0_1"/>
</GenRun>
