<?xml version="1.0" encoding="UTF-8"?>
<GenRun Id="synth_1" LaunchPart="xc7a35tcpg236-1" LaunchTime="1748784409">
  <File Type="PA-TCL" Name="top_bd_wrapper.tcl"/>
  <File Type="REPORTS-TCL" Name="top_bd_wrapper_reports.tcl"/>
  <File Type="RDS-RDS" Name="top_bd_wrapper.vds"/>
  <File Type="RDS-UTIL" Name="top_bd_wrapper_utilization_synth.rpt"/>
  <File Type="RDS-UTIL-PB" Name="top_bd_wrapper_utilization_synth.pb"/>
  <File Type="RDS-DCP" Name="top_bd_wrapper.dcp"/>
  <FileSet Name="sources" Type="DesignSrcs" RelSrcDir="$PSRCDIR/sources_1" RelGenDir="$PGENDIR/sources_1">
    <Filter Type="Srcs"/>
    <File Path="$PSRCDIR/sources_1/new/edge_detector_toggle.vhd">
      <FileInfo>
        <Attr Name="ImportPath" Val="$PPRDIR/../../../../../../../../../../Documents/vivado/Documents/Vivado/DESD/2021-2022/lab3/lab3.srcs/sources_1/new/edge_detector_toggle.vhd"/>
        <Attr Name="ImportTime" Val="1652708857"/>
        <Attr Name="UsedIn" Val="synthesis"/>
        <Attr Name="UsedIn" Val="simulation"/>
      </FileInfo>
    </File>
    <File Path="$PSRCDIR/sources_1/new/debouncer.vhd">
      <FileInfo>
        <Attr Name="ImportPath" Val="$PPRDIR/../../../../../../../../Music/lab3/lab3.srcs/sources_1/new/debouncer.vhd"/>
        <Attr Name="ImportTime" Val="1588775022"/>
        <Attr Name="UsedIn" Val="synthesis"/>
        <Attr Name="UsedIn" Val="simulation"/>
      </FileInfo>
    </File>
    <File Path="$PSRCDIR/sources_1/imports/projects/effect_selector.vhd">
      <FileInfo>
        <Attr Name="ImportPath" Val="$PPRDIR/../../../../../effect_selector.vhd"/>
        <Attr Name="ImportTime" Val="1747502871"/>
        <Attr Name="UsedIn" Val="synthesis"/>
        <Attr Name="UsedIn" Val="simulation"/>
      </FileInfo>
    </File>
    <File Path="$PSRCDIR/sources_1/imports/projects/led_controller.vhd">
      <FileInfo>
        <Attr Name="ImportPath" Val="$PPRDIR/../../../../../led_controller.vhd"/>
        <Attr Name="ImportTime" Val="1747764779"/>
        <Attr Name="UsedIn" Val="synthesis"/>
        <Attr Name="UsedIn" Val="simulation"/>
      </FileInfo>
    </File>
    <File Path="$PSRCDIR/sources_1/imports/projects/volume_multiplier.vhd">
      <FileInfo>
        <Attr Name="ImportPath" Val="$PPRDIR/../../../../../volume_multiplier.vhd"/>
        <Attr Name="ImportTime" Val="1747764780"/>
        <Attr Name="UsedIn" Val="synthesis"/>
        <Attr Name="UsedIn" Val="simulation"/>
      </FileInfo>
    </File>
    <File Path="$PSRCDIR/sources_1/imports/projects/volume_saturator.vhd">
      <FileInfo>
        <Attr Name="ImportPath" Val="$PPRDIR/../../../../../volume_saturator.vhd"/>
        <Attr Name="ImportTime" Val="1747764780"/>
        <Attr Name="UsedIn" Val="synthesis"/>
        <Attr Name="UsedIn" Val="simulation"/>
      </FileInfo>
    </File>
    <File Path="$PSRCDIR/sources_1/imports/projects/volume_controller.vhd">
      <FileInfo>
        <Attr Name="ImportPath" Val="$PPRDIR/../../../../../volume_controller.vhd"/>
        <Attr Name="ImportTime" Val="1747764780"/>
        <Attr Name="UsedIn" Val="synthesis"/>
        <Attr Name="UsedIn" Val="simulation"/>
      </FileInfo>
    </File>
    <File Path="$PSRCDIR/sources_1/imports/projects/balance_controller.vhd">
      <FileInfo>
        <Attr Name="ImportPath" Val="$PPRDIR/../../../../../balance_controller.vhd"/>
        <Attr Name="ImportTime" Val="1747764779"/>
        <Attr Name="UsedIn" Val="synthesis"/>
        <Attr Name="UsedIn" Val="simulation"/>
      </FileInfo>
    </File>
    <File Path="$PSRCDIR/sources_1/imports/projects/All_pass_filter.vhd">
      <FileInfo>
        <Attr Name="ImportPath" Val="$PPRDIR/../../../../../All_pass_filter.vhd"/>
        <Attr Name="ImportTime" Val="1748293511"/>
        <Attr Name="UsedIn" Val="synthesis"/>
        <Attr Name="UsedIn" Val="simulation"/>
      </FileInfo>
    </File>
    <File Path="$PSRCDIR/sources_1/imports/projects/MAF_fix.vhd">
      <FileInfo>
        <Attr Name="ImportPath" Val="$PPRDIR/../../../../../MAF_fix.vhd"/>
        <Attr Name="ImportTime" Val="1747939620"/>
        <Attr Name="UsedIn" Val="synthesis"/>
        <Attr Name="UsedIn" Val="simulation"/>
      </FileInfo>
    </File>
    <File Path="$PSRCDIR/sources_1/imports/projects/MAF_en.vhd">
      <FileInfo>
        <Attr Name="ImportPath" Val="$PPRDIR/../../../../../MAF_en.vhd"/>
        <Attr Name="ImportTime" Val="1748293511"/>
        <Attr Name="UsedIn" Val="synthesis"/>
        <Attr Name="UsedIn" Val="simulation"/>
      </FileInfo>
    </File>
    <File Path="$PSRCDIR/sources_1/imports/projects/digilent_jstk2.vhd">
      <FileInfo>
        <Attr Name="ImportPath" Val="$PPRDIR/../../../../../digilent_jstk2.vhd"/>
        <Attr Name="ImportTime" Val="1747411363"/>
        <Attr Name="UsedIn" Val="synthesis"/>
        <Attr Name="UsedIn" Val="simulation"/>
      </FileInfo>
    </File>
    <File Path="$PSRCDIR/sources_1/imports/projects/LFO.vhd">
      <FileInfo>
        <Attr Name="ImportPath" Val="$PPRDIR/../../../../../LFO.vhd"/>
        <Attr Name="ImportTime" Val="1747502871"/>
        <Attr Name="UsedIn" Val="synthesis"/>
        <Attr Name="UsedIn" Val="simulation"/>
      </FileInfo>
    </File>
    <File Path="$PSRCDIR/sources_1/imports/projects/led_level_controller.vhd">
      <FileInfo>
        <Attr Name="ImportPath" Val="$PPRDIR/../../../../../led_level_controller.vhd"/>
        <Attr Name="ImportTime" Val="1747900712"/>
        <Attr Name="UsedIn" Val="synthesis"/>
        <Attr Name="UsedIn" Val="simulation"/>
      </FileInfo>
    </File>
    <File Path="$PSRCDIR/sources_1/imports/projects/mute_controller.vhd">
      <FileInfo>
        <Attr Name="ImportPath" Val="$PPRDIR/../../../../../mute_controller.vhd"/>
        <Attr Name="ImportTime" Val="1747764779"/>
        <Attr Name="UsedIn" Val="synthesis"/>
        <Attr Name="UsedIn" Val="simulation"/>
      </FileInfo>
    </File>
    <File Path="$PSRCDIR/sources_1/bd/top_bd/top_bd.bd">
      <FileInfo>
        <Attr Name="ImportPath" Val="$PPRDIR/../../../../../../../../../../Documents/vivado/Documents/Vivado/DESD/2021-2022/lab3/lab3.srcs/sources_1/bd/top_bd/top_bd.bd"/>
        <Attr Name="ImportTime" Val="1652967637"/>
        <Attr Name="UsedIn" Val="synthesis"/>
        <Attr Name="UsedIn" Val="implementation"/>
        <Attr Name="UsedIn" Val="simulation"/>
      </FileInfo>
    </File>
    <File Path="$PSRCDIR/sources_1/imports/top_bd_wrapper.vhd">
      <FileInfo>
        <Attr Name="ImportPath" Val="$PPRDIR/../../../../../../../../Music/lab3/lab3.gen/sources_1/bd/top_bd/hdl/top_bd_wrapper.vhd"/>
        <Attr Name="ImportTime" Val="1718027962"/>
        <Attr Name="UsedIn" Val="synthesis"/>
        <Attr Name="UsedIn" Val="simulation"/>
      </FileInfo>
    </File>
    <File Path="$PSRCDIR/sources_1/new/volume_multiplier.vhd">
      <FileInfo>
        <Attr Name="UserDisabled" Val="1"/>
        <Attr Name="ImportPath" Val="$PPRDIR/../../../../../../../../Documents/Didattica/DESD2025/LAB3/encrypted/volume_multiplier.vhd"/>
        <Attr Name="ImportTime" Val="1746692359"/>
        <Attr Name="UsedIn" Val="synthesis"/>
        <Attr Name="UsedIn" Val="simulation"/>
      </FileInfo>
    </File>
    <File Path="$PSRCDIR/sources_1/new/volume_saturator.vhd">
      <FileInfo>
        <Attr Name="UserDisabled" Val="1"/>
        <Attr Name="ImportPath" Val="$PPRDIR/../../../../../../../../Documents/Didattica/DESD2025/LAB3/encrypted/volume_saturator.vhd"/>
        <Attr Name="ImportTime" Val="1746692353"/>
        <Attr Name="UsedIn" Val="synthesis"/>
        <Attr Name="UsedIn" Val="simulation"/>
      </FileInfo>
    </File>
    <File Path="$PSRCDIR/sources_1/new/LFO.vhd">
      <FileInfo>
        <Attr Name="UserDisabled" Val="1"/>
        <Attr Name="ImportPath" Val="$PPRDIR/../../../../../../../../Documents/Didattica/DESD2025/LAB3/encrypted/LFO.vhd"/>
        <Attr Name="ImportTime" Val="1746692404"/>
        <Attr Name="UsedIn" Val="synthesis"/>
        <Attr Name="UsedIn" Val="simulation"/>
      </FileInfo>
    </File>
    <File Path="$PSRCDIR/sources_1/new/all_pass_filter.vhd">
      <FileInfo>
        <Attr Name="UserDisabled" Val="1"/>
        <Attr Name="ImportPath" Val="$PPRDIR/../../../../../../../../Documents/Didattica/DESD2025/LAB3/encrypted/all_pass_filter.vhd"/>
        <Attr Name="ImportTime" Val="1746692053"/>
        <Attr Name="UsedIn" Val="synthesis"/>
        <Attr Name="UsedIn" Val="simulation"/>
      </FileInfo>
    </File>
    <File Path="$PSRCDIR/sources_1/new/moving_average_filter_en.vhd">
      <FileInfo>
        <Attr Name="UserDisabled" Val="1"/>
        <Attr Name="ImportPath" Val="$PPRDIR/../../../../../../../../Documents/Didattica/DESD2025/LAB3/encrypted/moving_average_filter_en.vhd"/>
        <Attr Name="ImportTime" Val="1746692330"/>
        <Attr Name="UsedIn" Val="synthesis"/>
        <Attr Name="UsedIn" Val="simulation"/>
      </FileInfo>
    </File>
    <File Path="$PSRCDIR/sources_1/imports/encrypted/moving_average_filter.vhd">
      <FileInfo>
        <Attr Name="UserDisabled" Val="1"/>
        <Attr Name="ImportPath" Val="$PPRDIR/../../../../../../../../Documents/Didattica/DESD2025/LAB3/encrypted/moving_average_filter.vhd"/>
        <Attr Name="ImportTime" Val="1746692316"/>
        <Attr Name="UsedIn" Val="synthesis"/>
        <Attr Name="UsedIn" Val="simulation"/>
      </FileInfo>
    </File>
    <File Path="$PSRCDIR/sources_1/new/led_controller.vhd">
      <FileInfo>
        <Attr Name="UserDisabled" Val="1"/>
        <Attr Name="ImportPath" Val="$PPRDIR/../../../../../../../../Documents/Didattica/DESD2025/LAB3/encrypted/led_controller.vhd"/>
        <Attr Name="ImportTime" Val="1746692606"/>
        <Attr Name="UsedIn" Val="synthesis"/>
        <Attr Name="UsedIn" Val="simulation"/>
      </FileInfo>
    </File>
    <File Path="$PSRCDIR/sources_1/new/led_level_controller.vhd">
      <FileInfo>
        <Attr Name="UserDisabled" Val="1"/>
        <Attr Name="ImportPath" Val="$PPRDIR/../../../../../../../../Documents/Didattica/DESD2025/LAB3/encrypted/led_level_controller.vhd"/>
        <Attr Name="ImportTime" Val="1746692676"/>
        <Attr Name="UsedIn" Val="synthesis"/>
        <Attr Name="UsedIn" Val="simulation"/>
      </FileInfo>
    </File>
    <File Path="$PSRCDIR/sources_1/new/mute_controller.vhd">
      <FileInfo>
        <Attr Name="UserDisabled" Val="1"/>
        <Attr Name="ImportPath" Val="$PPRDIR/../../../../../../../../Documents/Didattica/DESD2025/LAB3/encrypted/mute_controller.vhd"/>
        <Attr Name="ImportTime" Val="1746692688"/>
        <Attr Name="UsedIn" Val="synthesis"/>
        <Attr Name="UsedIn" Val="simulation"/>
      </FileInfo>
    </File>
    <File Path="$PSRCDIR/sources_1/new/volume_controller.vhd">
      <FileInfo>
        <Attr Name="UserDisabled" Val="1"/>
        <Attr Name="ImportPath" Val="$PPRDIR/../../../../../../../../Documents/Didattica/DESD2025/LAB3/encrypted/volume_controller.vhd"/>
        <Attr Name="ImportTime" Val="1746692381"/>
        <Attr Name="UsedIn" Val="synthesis"/>
        <Attr Name="UsedIn" Val="simulation"/>
      </FileInfo>
    </File>
    <File Path="$PSRCDIR/sources_1/new/balance_controller.vhd">
      <FileInfo>
        <Attr Name="UserDisabled" Val="1"/>
        <Attr Name="ImportPath" Val="$PPRDIR/../../../../../../../../Documents/Didattica/DESD2025/LAB3/encrypted/balance_controller.vhd"/>
        <Attr Name="ImportTime" Val="1746692431"/>
        <Attr Name="UsedIn" Val="synthesis"/>
        <Attr Name="UsedIn" Val="simulation"/>
      </FileInfo>
    </File>
    <File Path="$PSRCDIR/sources_1/new/digilent_jstk2.vhd">
      <FileInfo>
        <Attr Name="UserDisabled" Val="1"/>
        <Attr Name="ImportPath" Val="$PPRDIR/../../../../../../../../../../Documents/vivado/Documents/Vivado/DESD/2021-2022/lab3/lab3.srcs/sources_1/new/digilent_jstk2.vhd"/>
        <Attr Name="ImportTime" Val="1652707996"/>
        <Attr Name="UsedIn" Val="synthesis"/>
        <Attr Name="UsedIn" Val="simulation"/>
      </FileInfo>
    </File>
    <File Path="$PSRCDIR/sources_1/new/effect_selector.vhd">
      <FileInfo>
        <Attr Name="UserDisabled" Val="1"/>
        <Attr Name="ImportPath" Val="$PPRDIR/../../../../../../../../Documents/Didattica/DESD2025/LAB3/encrypted/effect_selector.vhd"/>
        <Attr Name="ImportTime" Val="1746692493"/>
        <Attr Name="UsedIn" Val="synthesis"/>
        <Attr Name="UsedIn" Val="simulation"/>
      </FileInfo>
    </File>
    <File Path="$PSRCDIR/sources_1/imports/lab3/archive_project_summary.txt">
      <FileInfo>
        <Attr Name="ImportPath" Val="$PPRDIR/../../../../archive_project_summary.txt"/>
        <Attr Name="ImportTime" Val="1747520039"/>
      </FileInfo>
    </File>
    <Config>
      <Option Name="DesignMode" Val="RTL"/>
      <Option Name="TopModule" Val="top_bd_wrapper"/>
    </Config>
  </FileSet>
  <FileSet Name="constrs_in" Type="Constrs" RelSrcDir="$PSRCDIR/constrs_1">
    <Filter Type="Constrs"/>
    <File Path="$PSRCDIR/constrs_1/new/io.xdc">
      <FileInfo>
        <Attr Name="ImportPath" Val="$PPRDIR/../../../../../../../../../../Documents/vivado/Documents/Vivado/DESD/2021-2022/lab3/lab3.srcs/constrs_1/new/io.xdc"/>
        <Attr Name="ImportTime" Val="1652708400"/>
        <Attr Name="UsedIn" Val="synthesis"/>
        <Attr Name="UsedIn" Val="implementation"/>
      </FileInfo>
    </File>
    <Config>
      <Option Name="TargetConstrsFile" Val="$PSRCDIR/constrs_1/new/io.xdc"/>
      <Option Name="ConstrsType" Val="XDC"/>
    </Config>
  </FileSet>
  <FileSet Name="utils" Type="Utils" RelSrcDir="$PSRCDIR/utils_1">
    <Filter Type="Utils"/>
    <Config>
      <Option Name="TopAutoSet" Val="TRUE"/>
    </Config>
  </FileSet>
  <Strategy Version="1" Minor="2">
    <StratHandle Name="Vivado Synthesis Defaults" Flow="Vivado Synthesis 2020"/>
    <Step Id="synth_design"/>
  </Strategy>
  <BlockFileSet Type="BlockSrcs" Name="top_bd_axi4stream_spi_master_0_0"/>
  <BlockFileSet Type="BlockSrcs" Name="top_bd_edge_detector_toggle_1_0"/>
  <BlockFileSet Type="BlockSrcs" Name="top_bd_proc_sys_reset_0_0"/>
  <BlockFileSet Type="BlockSrcs" Name="top_bd_axis_broadcaster_0_0"/>
  <BlockFileSet Type="BlockSrcs" Name="top_bd_led_level_controller_0_0"/>
  <BlockFileSet Type="BlockSrcs" Name="top_bd_edge_detector_toggle_0_0"/>
  <BlockFileSet Type="BlockSrcs" Name="top_bd_debouncer_0_0"/>
  <BlockFileSet Type="BlockSrcs" Name="top_bd_effect_selector_0_0"/>
  <BlockFileSet Type="BlockSrcs" Name="top_bd_clk_wiz_0_0"/>
  <BlockFileSet Type="BlockSrcs" Name="top_bd_proc_sys_reset_1_0"/>
  <BlockFileSet Type="BlockSrcs" Name="top_bd_led_controller_0_1"/>
  <BlockFileSet Type="BlockSrcs" Name="top_bd_balance_controller_0_0"/>
  <BlockFileSet Type="BlockSrcs" Name="top_bd_moving_average_filte_0_0"/>
  <BlockFileSet Type="BlockSrcs" Name="top_bd_digilent_jstk2_0_0"/>
  <BlockFileSet Type="BlockSrcs" Name="top_bd_LFO_0_0"/>
  <BlockFileSet Type="BlockSrcs" Name="top_bd_mute_controller_0_0"/>
  <BlockFileSet Type="BlockSrcs" Name="top_bd_volume_controller_0_0"/>
</GenRun>
