<?xml version="1.0" encoding="UTF-8"?>
<spirit:component xmlns:xilinx="http://www.xilinx.com" xmlns:spirit="http://www.spiritconsortium.org/XMLSchema/SPIRIT/1685-2009" xmlns:xsi="http://www.w3.org/2001/XMLSchema-instance">
  <spirit:vendor>DigiLAB</spirit:vendor>
  <spirit:library>ip</spirit:library>
  <spirit:name>AXI4Stream_UART</spirit:name>
  <spirit:version>1.1</spirit:version>
  <spirit:busInterfaces>
    <spirit:busInterface>
      <spirit:name>M00_AXIS_RX</spirit:name>
      <spirit:busType spirit:vendor="xilinx.com" spirit:library="interface" spirit:name="axis" spirit:version="1.0"/>
      <spirit:abstractionType spirit:vendor="xilinx.com" spirit:library="interface" spirit:name="axis_rtl" spirit:version="1.0"/>
      <spirit:master/>
      <spirit:portMaps>
        <spirit:portMap>
          <spirit:logicalPort>
            <spirit:name>TDATA</spirit:name>
          </spirit:logicalPort>
          <spirit:physicalPort>
            <spirit:name>m00_axis_rx_tdata</spirit:name>
          </spirit:physicalPort>
        </spirit:portMap>
        <spirit:portMap>
          <spirit:logicalPort>
            <spirit:name>TVALID</spirit:name>
          </spirit:logicalPort>
          <spirit:physicalPort>
            <spirit:name>m00_axis_rx_tvalid</spirit:name>
          </spirit:physicalPort>
        </spirit:portMap>
        <spirit:portMap>
          <spirit:logicalPort>
            <spirit:name>TREADY</spirit:name>
          </spirit:logicalPort>
          <spirit:physicalPort>
            <spirit:name>m00_axis_rx_tready</spirit:name>
          </spirit:physicalPort>
        </spirit:portMap>
      </spirit:portMaps>
      <spirit:parameters>
        <spirit:parameter>
          <spirit:name>WIZ_DATA_WIDTH</spirit:name>
          <spirit:value spirit:format="long" spirit:id="BUSIFPARAM_VALUE.M00_AXIS_RX.WIZ_DATA_WIDTH" spirit:choiceRef="choice_list_6fc15197">32</spirit:value>
        </spirit:parameter>
      </spirit:parameters>
    </spirit:busInterface>
    <spirit:busInterface>
      <spirit:name>S00_AXIS_TX</spirit:name>
      <spirit:busType spirit:vendor="xilinx.com" spirit:library="interface" spirit:name="axis" spirit:version="1.0"/>
      <spirit:abstractionType spirit:vendor="xilinx.com" spirit:library="interface" spirit:name="axis_rtl" spirit:version="1.0"/>
      <spirit:slave/>
      <spirit:portMaps>
        <spirit:portMap>
          <spirit:logicalPort>
            <spirit:name>TDATA</spirit:name>
          </spirit:logicalPort>
          <spirit:physicalPort>
            <spirit:name>s00_axis_tx_tdata</spirit:name>
          </spirit:physicalPort>
        </spirit:portMap>
        <spirit:portMap>
          <spirit:logicalPort>
            <spirit:name>TVALID</spirit:name>
          </spirit:logicalPort>
          <spirit:physicalPort>
            <spirit:name>s00_axis_tx_tvalid</spirit:name>
          </spirit:physicalPort>
        </spirit:portMap>
        <spirit:portMap>
          <spirit:logicalPort>
            <spirit:name>TREADY</spirit:name>
          </spirit:logicalPort>
          <spirit:physicalPort>
            <spirit:name>s00_axis_tx_tready</spirit:name>
          </spirit:physicalPort>
        </spirit:portMap>
      </spirit:portMaps>
      <spirit:parameters>
        <spirit:parameter>
          <spirit:name>WIZ_DATA_WIDTH</spirit:name>
          <spirit:value spirit:format="long" spirit:id="BUSIFPARAM_VALUE.S00_AXIS_TX.WIZ_DATA_WIDTH" spirit:choiceRef="choice_list_6fc15197">32</spirit:value>
        </spirit:parameter>
      </spirit:parameters>
    </spirit:busInterface>
    <spirit:busInterface>
      <spirit:name>M00_AXIS_RX_RST</spirit:name>
      <spirit:busType spirit:vendor="xilinx.com" spirit:library="signal" spirit:name="reset" spirit:version="1.0"/>
      <spirit:abstractionType spirit:vendor="xilinx.com" spirit:library="signal" spirit:name="reset_rtl" spirit:version="1.0"/>
      <spirit:slave/>
      <spirit:portMaps>
        <spirit:portMap>
          <spirit:logicalPort>
            <spirit:name>RST</spirit:name>
          </spirit:logicalPort>
          <spirit:physicalPort>
            <spirit:name>m00_axis_rx_aresetn</spirit:name>
          </spirit:physicalPort>
        </spirit:portMap>
      </spirit:portMaps>
      <spirit:parameters>
        <spirit:parameter>
          <spirit:name>POLARITY</spirit:name>
          <spirit:value spirit:id="BUSIFPARAM_VALUE.M00_AXIS_RX_RST.POLARITY" spirit:choiceRef="choice_list_9d8b0d81">ACTIVE_LOW</spirit:value>
        </spirit:parameter>
      </spirit:parameters>
    </spirit:busInterface>
    <spirit:busInterface>
      <spirit:name>M00_AXIS_RX_CLK</spirit:name>
      <spirit:busType spirit:vendor="xilinx.com" spirit:library="signal" spirit:name="clock" spirit:version="1.0"/>
      <spirit:abstractionType spirit:vendor="xilinx.com" spirit:library="signal" spirit:name="clock_rtl" spirit:version="1.0"/>
      <spirit:slave/>
      <spirit:portMaps>
        <spirit:portMap>
          <spirit:logicalPort>
            <spirit:name>CLK</spirit:name>
          </spirit:logicalPort>
          <spirit:physicalPort>
            <spirit:name>m00_axis_rx_aclk</spirit:name>
          </spirit:physicalPort>
        </spirit:portMap>
      </spirit:portMaps>
      <spirit:parameters>
        <spirit:parameter>
          <spirit:name>ASSOCIATED_BUSIF</spirit:name>
          <spirit:value spirit:id="BUSIFPARAM_VALUE.M00_AXIS_RX_CLK.ASSOCIATED_BUSIF">M00_AXIS_RX</spirit:value>
        </spirit:parameter>
        <spirit:parameter>
          <spirit:name>ASSOCIATED_RESET</spirit:name>
          <spirit:value spirit:id="BUSIFPARAM_VALUE.M00_AXIS_RX_CLK.ASSOCIATED_RESET">m00_axis_rx_aresetn</spirit:value>
        </spirit:parameter>
      </spirit:parameters>
    </spirit:busInterface>
    <spirit:busInterface>
      <spirit:name>S00_AXIS_TX_RST</spirit:name>
      <spirit:busType spirit:vendor="xilinx.com" spirit:library="signal" spirit:name="reset" spirit:version="1.0"/>
      <spirit:abstractionType spirit:vendor="xilinx.com" spirit:library="signal" spirit:name="reset_rtl" spirit:version="1.0"/>
      <spirit:slave/>
      <spirit:portMaps>
        <spirit:portMap>
          <spirit:logicalPort>
            <spirit:name>RST</spirit:name>
          </spirit:logicalPort>
          <spirit:physicalPort>
            <spirit:name>s00_axis_tx_aresetn</spirit:name>
          </spirit:physicalPort>
        </spirit:portMap>
      </spirit:portMaps>
      <spirit:parameters>
        <spirit:parameter>
          <spirit:name>POLARITY</spirit:name>
          <spirit:value spirit:id="BUSIFPARAM_VALUE.S00_AXIS_TX_RST.POLARITY" spirit:choiceRef="choice_list_9d8b0d81">ACTIVE_LOW</spirit:value>
        </spirit:parameter>
      </spirit:parameters>
    </spirit:busInterface>
    <spirit:busInterface>
      <spirit:name>S00_AXIS_TX_CLK</spirit:name>
      <spirit:busType spirit:vendor="xilinx.com" spirit:library="signal" spirit:name="clock" spirit:version="1.0"/>
      <spirit:abstractionType spirit:vendor="xilinx.com" spirit:library="signal" spirit:name="clock_rtl" spirit:version="1.0"/>
      <spirit:slave/>
      <spirit:portMaps>
        <spirit:portMap>
          <spirit:logicalPort>
            <spirit:name>CLK</spirit:name>
          </spirit:logicalPort>
          <spirit:physicalPort>
            <spirit:name>s00_axis_tx_aclk</spirit:name>
          </spirit:physicalPort>
        </spirit:portMap>
      </spirit:portMaps>
      <spirit:parameters>
        <spirit:parameter>
          <spirit:name>ASSOCIATED_BUSIF</spirit:name>
          <spirit:value spirit:id="BUSIFPARAM_VALUE.S00_AXIS_TX_CLK.ASSOCIATED_BUSIF">S00_AXIS_TX</spirit:value>
        </spirit:parameter>
        <spirit:parameter>
          <spirit:name>ASSOCIATED_RESET</spirit:name>
          <spirit:value spirit:id="BUSIFPARAM_VALUE.S00_AXIS_TX_CLK.ASSOCIATED_RESET">s00_axis_tx_aresetn</spirit:value>
        </spirit:parameter>
      </spirit:parameters>
    </spirit:busInterface>
    <spirit:busInterface>
      <spirit:name>reset</spirit:name>
      <spirit:busType spirit:vendor="xilinx.com" spirit:library="signal" spirit:name="reset" spirit:version="1.0"/>
      <spirit:abstractionType spirit:vendor="xilinx.com" spirit:library="signal" spirit:name="reset_rtl" spirit:version="1.0"/>
      <spirit:slave/>
      <spirit:portMaps>
        <spirit:portMap>
          <spirit:logicalPort>
            <spirit:name>RST</spirit:name>
          </spirit:logicalPort>
          <spirit:physicalPort>
            <spirit:name>rst</spirit:name>
          </spirit:physicalPort>
        </spirit:portMap>
      </spirit:portMaps>
      <spirit:parameters>
        <spirit:parameter>
          <spirit:name>POLARITY</spirit:name>
          <spirit:value spirit:id="BUSIFPARAM_VALUE.RESET.POLARITY">ACTIVE_HIGH</spirit:value>
        </spirit:parameter>
      </spirit:parameters>
    </spirit:busInterface>
    <spirit:busInterface>
      <spirit:name>ClockUART</spirit:name>
      <spirit:description>Clock used to calculate the delay for UART</spirit:description>
      <spirit:busType spirit:vendor="xilinx.com" spirit:library="signal" spirit:name="clock" spirit:version="1.0"/>
      <spirit:abstractionType spirit:vendor="xilinx.com" spirit:library="signal" spirit:name="clock_rtl" spirit:version="1.0"/>
      <spirit:slave/>
      <spirit:portMaps>
        <spirit:portMap>
          <spirit:logicalPort>
            <spirit:name>CLK</spirit:name>
          </spirit:logicalPort>
          <spirit:physicalPort>
            <spirit:name>clk_uart</spirit:name>
          </spirit:physicalPort>
        </spirit:portMap>
      </spirit:portMaps>
      <spirit:parameters>
        <spirit:parameter>
          <spirit:name>ASSOCIATED_BUSIF</spirit:name>
          <spirit:value spirit:id="BUSIFPARAM_VALUE.CLOCKUART.ASSOCIATED_BUSIF">UART</spirit:value>
        </spirit:parameter>
        <spirit:parameter>
          <spirit:name>ASSOCIATED_RESET</spirit:name>
          <spirit:value spirit:id="BUSIFPARAM_VALUE.CLOCKUART.ASSOCIATED_RESET">rst</spirit:value>
        </spirit:parameter>
      </spirit:parameters>
    </spirit:busInterface>
    <spirit:busInterface>
      <spirit:name>UART</spirit:name>
      <spirit:displayName>UART</spirit:displayName>
      <spirit:busType spirit:vendor="xilinx.com" spirit:library="interface" spirit:name="uart" spirit:version="1.0"/>
      <spirit:abstractionType spirit:vendor="xilinx.com" spirit:library="interface" spirit:name="uart_rtl" spirit:version="1.0"/>
      <spirit:master/>
      <spirit:portMaps>
        <spirit:portMap>
          <spirit:logicalPort>
            <spirit:name>TxD</spirit:name>
          </spirit:logicalPort>
          <spirit:physicalPort>
            <spirit:name>UART_TX</spirit:name>
          </spirit:physicalPort>
        </spirit:portMap>
        <spirit:portMap>
          <spirit:logicalPort>
            <spirit:name>RxD</spirit:name>
          </spirit:logicalPort>
          <spirit:physicalPort>
            <spirit:name>UART_RX</spirit:name>
          </spirit:physicalPort>
        </spirit:portMap>
      </spirit:portMaps>
      <spirit:parameters>
        <spirit:parameter>
          <spirit:name>BOARD.ASSOCIATED_PARAM</spirit:name>
          <spirit:value spirit:id="BUSIFPARAM_VALUE.UART.BOARD.ASSOCIATED_PARAM">UART_BOARD_INTERFACE</spirit:value>
          <spirit:vendorExtensions>
            <xilinx:parameterInfo>
              <xilinx:enablement>
                <xilinx:presence>required</xilinx:presence>
              </xilinx:enablement>
            </xilinx:parameterInfo>
          </spirit:vendorExtensions>
        </spirit:parameter>
      </spirit:parameters>
    </spirit:busInterface>
  </spirit:busInterfaces>
  <spirit:model>
    <spirit:views>
      <spirit:view>
        <spirit:name>xilinx_vhdlsynthesis</spirit:name>
        <spirit:displayName>Synthesis</spirit:displayName>
        <spirit:envIdentifier>:vivado.xilinx.com:synthesis</spirit:envIdentifier>
        <spirit:language>vhdl</spirit:language>
        <spirit:modelName>AXI4Stream_UART_v1_0</spirit:modelName>
        <spirit:fileSetRef>
          <spirit:localName>xilinx_vhdlsynthesis_view_fileset</spirit:localName>
        </spirit:fileSetRef>
        <spirit:parameters>
          <spirit:parameter>
            <spirit:name>viewChecksum</spirit:name>
            <spirit:value>47fd635e</spirit:value>
          </spirit:parameter>
        </spirit:parameters>
      </spirit:view>
      <spirit:view>
        <spirit:name>xilinx_vhdlbehavioralsimulation</spirit:name>
        <spirit:displayName>Simulation</spirit:displayName>
        <spirit:envIdentifier>:vivado.xilinx.com:simulation</spirit:envIdentifier>
        <spirit:language>vhdl</spirit:language>
        <spirit:modelName>AXI4Stream_UART_v1_0</spirit:modelName>
        <spirit:fileSetRef>
          <spirit:localName>xilinx_vhdlbehavioralsimulation_view_fileset</spirit:localName>
        </spirit:fileSetRef>
        <spirit:parameters>
          <spirit:parameter>
            <spirit:name>viewChecksum</spirit:name>
            <spirit:value>47fd635e</spirit:value>
          </spirit:parameter>
        </spirit:parameters>
      </spirit:view>
      <spirit:view>
        <spirit:name>xilinx_xpgui</spirit:name>
        <spirit:displayName>UI Layout</spirit:displayName>
        <spirit:envIdentifier>:vivado.xilinx.com:xgui.ui</spirit:envIdentifier>
        <spirit:fileSetRef>
          <spirit:localName>xilinx_xpgui_view_fileset</spirit:localName>
        </spirit:fileSetRef>
        <spirit:parameters>
          <spirit:parameter>
            <spirit:name>viewChecksum</spirit:name>
            <spirit:value>ae786f32</spirit:value>
          </spirit:parameter>
        </spirit:parameters>
      </spirit:view>
      <spirit:view>
        <spirit:name>bd_tcl</spirit:name>
        <spirit:displayName>Block Diagram</spirit:displayName>
        <spirit:envIdentifier>:vivado.xilinx.com:block.diagram</spirit:envIdentifier>
        <spirit:fileSetRef>
          <spirit:localName>bd_tcl_view_fileset</spirit:localName>
        </spirit:fileSetRef>
        <spirit:parameters>
          <spirit:parameter>
            <spirit:name>viewChecksum</spirit:name>
            <spirit:value>c55a27a0</spirit:value>
          </spirit:parameter>
        </spirit:parameters>
      </spirit:view>
      <spirit:view>
        <spirit:name>xilinx_utilityxitfiles</spirit:name>
        <spirit:displayName>Utility XIT/TTCL</spirit:displayName>
        <spirit:envIdentifier>:vivado.xilinx.com:xit.util</spirit:envIdentifier>
        <spirit:parameters>
          <spirit:parameter>
            <spirit:name>viewChecksum</spirit:name>
            <spirit:value>16e75233</spirit:value>
          </spirit:parameter>
        </spirit:parameters>
      </spirit:view>
      <spirit:view>
        <spirit:name>xilinx_implementation</spirit:name>
        <spirit:displayName>Implementation</spirit:displayName>
        <spirit:envIdentifier>:vivado.xilinx.com:implementation</spirit:envIdentifier>
        <spirit:fileSetRef>
          <spirit:localName>xilinx_implementation_view_fileset</spirit:localName>
        </spirit:fileSetRef>
        <spirit:parameters>
          <spirit:parameter>
            <spirit:name>viewChecksum</spirit:name>
            <spirit:value>5c730a16</spirit:value>
          </spirit:parameter>
        </spirit:parameters>
      </spirit:view>
    </spirit:views>
    <spirit:ports>
      <spirit:port>
        <spirit:name>clk_uart</spirit:name>
        <spirit:wire>
          <spirit:direction>in</spirit:direction>
          <spirit:wireTypeDefs>
            <spirit:wireTypeDef>
              <spirit:typeName>STD_LOGIC</spirit:typeName>
              <spirit:viewNameRef>xilinx_vhdlsynthesis</spirit:viewNameRef>
              <spirit:viewNameRef>xilinx_vhdlbehavioralsimulation</spirit:viewNameRef>
            </spirit:wireTypeDef>
          </spirit:wireTypeDefs>
        </spirit:wire>
      </spirit:port>
      <spirit:port>
        <spirit:name>rst</spirit:name>
        <spirit:wire>
          <spirit:direction>in</spirit:direction>
          <spirit:wireTypeDefs>
            <spirit:wireTypeDef>
              <spirit:typeName>STD_LOGIC</spirit:typeName>
              <spirit:viewNameRef>xilinx_vhdlsynthesis</spirit:viewNameRef>
              <spirit:viewNameRef>xilinx_vhdlbehavioralsimulation</spirit:viewNameRef>
            </spirit:wireTypeDef>
          </spirit:wireTypeDefs>
        </spirit:wire>
      </spirit:port>
      <spirit:port>
        <spirit:name>UART_TX</spirit:name>
        <spirit:wire>
          <spirit:direction>out</spirit:direction>
          <spirit:wireTypeDefs>
            <spirit:wireTypeDef>
              <spirit:typeName>STD_LOGIC</spirit:typeName>
              <spirit:viewNameRef>xilinx_vhdlsynthesis</spirit:viewNameRef>
              <spirit:viewNameRef>xilinx_vhdlbehavioralsimulation</spirit:viewNameRef>
            </spirit:wireTypeDef>
          </spirit:wireTypeDefs>
        </spirit:wire>
      </spirit:port>
      <spirit:port>
        <spirit:name>UART_RX</spirit:name>
        <spirit:wire>
          <spirit:direction>in</spirit:direction>
          <spirit:wireTypeDefs>
            <spirit:wireTypeDef>
              <spirit:typeName>STD_LOGIC</spirit:typeName>
              <spirit:viewNameRef>xilinx_vhdlsynthesis</spirit:viewNameRef>
              <spirit:viewNameRef>xilinx_vhdlbehavioralsimulation</spirit:viewNameRef>
            </spirit:wireTypeDef>
          </spirit:wireTypeDefs>
        </spirit:wire>
      </spirit:port>
      <spirit:port>
        <spirit:name>m00_axis_rx_aclk</spirit:name>
        <spirit:wire>
          <spirit:direction>in</spirit:direction>
          <spirit:wireTypeDefs>
            <spirit:wireTypeDef>
              <spirit:typeName>STD_LOGIC</spirit:typeName>
              <spirit:viewNameRef>xilinx_vhdlsynthesis</spirit:viewNameRef>
              <spirit:viewNameRef>xilinx_vhdlbehavioralsimulation</spirit:viewNameRef>
            </spirit:wireTypeDef>
          </spirit:wireTypeDefs>
        </spirit:wire>
      </spirit:port>
      <spirit:port>
        <spirit:name>m00_axis_rx_aresetn</spirit:name>
        <spirit:wire>
          <spirit:direction>in</spirit:direction>
          <spirit:wireTypeDefs>
            <spirit:wireTypeDef>
              <spirit:typeName>STD_LOGIC</spirit:typeName>
              <spirit:viewNameRef>xilinx_vhdlsynthesis</spirit:viewNameRef>
              <spirit:viewNameRef>xilinx_vhdlbehavioralsimulation</spirit:viewNameRef>
            </spirit:wireTypeDef>
          </spirit:wireTypeDefs>
        </spirit:wire>
      </spirit:port>
      <spirit:port>
        <spirit:name>m00_axis_rx_tvalid</spirit:name>
        <spirit:wire>
          <spirit:direction>out</spirit:direction>
          <spirit:wireTypeDefs>
            <spirit:wireTypeDef>
              <spirit:typeName>STD_LOGIC</spirit:typeName>
              <spirit:viewNameRef>xilinx_vhdlsynthesis</spirit:viewNameRef>
              <spirit:viewNameRef>xilinx_vhdlbehavioralsimulation</spirit:viewNameRef>
            </spirit:wireTypeDef>
          </spirit:wireTypeDefs>
        </spirit:wire>
      </spirit:port>
      <spirit:port>
        <spirit:name>m00_axis_rx_tdata</spirit:name>
        <spirit:wire>
          <spirit:direction>out</spirit:direction>
          <spirit:vector>
            <spirit:left spirit:format="long" spirit:resolve="dependent" spirit:dependency="(spirit:decode(id(&apos;MODELPARAM_VALUE.C_M00_AXIS_RX_TDATA_WIDTH&apos;)) - 1)">7</spirit:left>
            <spirit:right spirit:format="long">0</spirit:right>
          </spirit:vector>
          <spirit:wireTypeDefs>
            <spirit:wireTypeDef>
              <spirit:typeName>STD_LOGIC_VECTOR</spirit:typeName>
              <spirit:viewNameRef>xilinx_vhdlsynthesis</spirit:viewNameRef>
              <spirit:viewNameRef>xilinx_vhdlbehavioralsimulation</spirit:viewNameRef>
            </spirit:wireTypeDef>
          </spirit:wireTypeDefs>
        </spirit:wire>
      </spirit:port>
      <spirit:port>
        <spirit:name>m00_axis_rx_tready</spirit:name>
        <spirit:wire>
          <spirit:direction>in</spirit:direction>
          <spirit:wireTypeDefs>
            <spirit:wireTypeDef>
              <spirit:typeName>STD_LOGIC</spirit:typeName>
              <spirit:viewNameRef>xilinx_vhdlsynthesis</spirit:viewNameRef>
              <spirit:viewNameRef>xilinx_vhdlbehavioralsimulation</spirit:viewNameRef>
            </spirit:wireTypeDef>
          </spirit:wireTypeDefs>
        </spirit:wire>
      </spirit:port>
      <spirit:port>
        <spirit:name>s00_axis_tx_aclk</spirit:name>
        <spirit:wire>
          <spirit:direction>in</spirit:direction>
          <spirit:wireTypeDefs>
            <spirit:wireTypeDef>
              <spirit:typeName>STD_LOGIC</spirit:typeName>
              <spirit:viewNameRef>xilinx_vhdlsynthesis</spirit:viewNameRef>
              <spirit:viewNameRef>xilinx_vhdlbehavioralsimulation</spirit:viewNameRef>
            </spirit:wireTypeDef>
          </spirit:wireTypeDefs>
        </spirit:wire>
      </spirit:port>
      <spirit:port>
        <spirit:name>s00_axis_tx_aresetn</spirit:name>
        <spirit:wire>
          <spirit:direction>in</spirit:direction>
          <spirit:wireTypeDefs>
            <spirit:wireTypeDef>
              <spirit:typeName>STD_LOGIC</spirit:typeName>
              <spirit:viewNameRef>xilinx_vhdlsynthesis</spirit:viewNameRef>
              <spirit:viewNameRef>xilinx_vhdlbehavioralsimulation</spirit:viewNameRef>
            </spirit:wireTypeDef>
          </spirit:wireTypeDefs>
        </spirit:wire>
      </spirit:port>
      <spirit:port>
        <spirit:name>s00_axis_tx_tready</spirit:name>
        <spirit:wire>
          <spirit:direction>out</spirit:direction>
          <spirit:wireTypeDefs>
            <spirit:wireTypeDef>
              <spirit:typeName>STD_LOGIC</spirit:typeName>
              <spirit:viewNameRef>xilinx_vhdlsynthesis</spirit:viewNameRef>
              <spirit:viewNameRef>xilinx_vhdlbehavioralsimulation</spirit:viewNameRef>
            </spirit:wireTypeDef>
          </spirit:wireTypeDefs>
        </spirit:wire>
      </spirit:port>
      <spirit:port>
        <spirit:name>s00_axis_tx_tdata</spirit:name>
        <spirit:wire>
          <spirit:direction>in</spirit:direction>
          <spirit:vector>
            <spirit:left spirit:format="long" spirit:resolve="dependent" spirit:dependency="(spirit:decode(id(&apos;MODELPARAM_VALUE.C_S00_AXIS_TX_TDATA_WIDTH&apos;)) - 1)">7</spirit:left>
            <spirit:right spirit:format="long">0</spirit:right>
          </spirit:vector>
          <spirit:wireTypeDefs>
            <spirit:wireTypeDef>
              <spirit:typeName>STD_LOGIC_VECTOR</spirit:typeName>
              <spirit:viewNameRef>xilinx_vhdlsynthesis</spirit:viewNameRef>
              <spirit:viewNameRef>xilinx_vhdlbehavioralsimulation</spirit:viewNameRef>
            </spirit:wireTypeDef>
          </spirit:wireTypeDefs>
        </spirit:wire>
      </spirit:port>
      <spirit:port>
        <spirit:name>s00_axis_tx_tvalid</spirit:name>
        <spirit:wire>
          <spirit:direction>in</spirit:direction>
          <spirit:wireTypeDefs>
            <spirit:wireTypeDef>
              <spirit:typeName>STD_LOGIC</spirit:typeName>
              <spirit:viewNameRef>xilinx_vhdlsynthesis</spirit:viewNameRef>
              <spirit:viewNameRef>xilinx_vhdlbehavioralsimulation</spirit:viewNameRef>
            </spirit:wireTypeDef>
          </spirit:wireTypeDefs>
        </spirit:wire>
      </spirit:port>
    </spirit:ports>
    <spirit:modelParameters>
      <spirit:modelParameter xsi:type="spirit:nameValueTypeType" spirit:dataType="integer">
        <spirit:name>UART_BAUD_RATE</spirit:name>
        <spirit:displayName>Rs232 Baud Rate</spirit:displayName>
        <spirit:value spirit:format="long" spirit:resolve="generated" spirit:id="MODELPARAM_VALUE.UART_BAUD_RATE" spirit:minimum="0" spirit:rangeType="long">115200</spirit:value>
      </spirit:modelParameter>
      <spirit:modelParameter spirit:dataType="integer">
        <spirit:name>UART_CLOCK_FREQUENCY</spirit:name>
        <spirit:displayName>Rs232 Clock Frequency</spirit:displayName>
        <spirit:value spirit:format="long" spirit:resolve="generated" spirit:id="MODELPARAM_VALUE.UART_CLOCK_FREQUENCY" spirit:minimum="0" spirit:rangeType="long">100000000</spirit:value>
      </spirit:modelParameter>
      <spirit:modelParameter spirit:dataType="integer">
        <spirit:name>C_M00_AXIS_RX_TDATA_WIDTH</spirit:name>
        <spirit:displayName>C M00 Axis Rx Tdata Width</spirit:displayName>
        <spirit:value spirit:format="long" spirit:resolve="generated" spirit:id="MODELPARAM_VALUE.C_M00_AXIS_RX_TDATA_WIDTH">8</spirit:value>
      </spirit:modelParameter>
      <spirit:modelParameter spirit:dataType="integer">
        <spirit:name>C_S00_AXIS_TX_TDATA_WIDTH</spirit:name>
        <spirit:displayName>C S00 Axis Tx Tdata Width</spirit:displayName>
        <spirit:value spirit:format="long" spirit:resolve="generated" spirit:id="MODELPARAM_VALUE.C_S00_AXIS_TX_TDATA_WIDTH">8</spirit:value>
      </spirit:modelParameter>
    </spirit:modelParameters>
  </spirit:model>
  <spirit:choices>
    <spirit:choice>
      <spirit:name>choice_list_23c37a81</spirit:name>
      <spirit:enumeration>2400</spirit:enumeration>
      <spirit:enumeration>4800</spirit:enumeration>
      <spirit:enumeration>9600</spirit:enumeration>
      <spirit:enumeration>19200</spirit:enumeration>
      <spirit:enumeration>38400</spirit:enumeration>
      <spirit:enumeration>57600</spirit:enumeration>
      <spirit:enumeration>115200</spirit:enumeration>
      <spirit:enumeration>230400</spirit:enumeration>
      <spirit:enumeration>460800</spirit:enumeration>
      <spirit:enumeration>921600</spirit:enumeration>
      <spirit:enumeration>1000000</spirit:enumeration>
      <spirit:enumeration>1500000</spirit:enumeration>
      <spirit:enumeration>2000000</spirit:enumeration>
    </spirit:choice>
    <spirit:choice>
      <spirit:name>choice_list_6fc15197</spirit:name>
      <spirit:enumeration>32</spirit:enumeration>
    </spirit:choice>
    <spirit:choice>
      <spirit:name>choice_list_9d8b0d81</spirit:name>
      <spirit:enumeration>ACTIVE_HIGH</spirit:enumeration>
      <spirit:enumeration>ACTIVE_LOW</spirit:enumeration>
    </spirit:choice>
    <spirit:choice>
      <spirit:name>choice_list_d8920bdd</spirit:name>
      <spirit:enumeration>8</spirit:enumeration>
    </spirit:choice>
  </spirit:choices>
  <spirit:fileSets>
    <spirit:fileSet>
      <spirit:name>xilinx_vhdlsynthesis_view_fileset</spirit:name>
      <spirit:file>
        <spirit:name>hdl/AXI4Stream_UART_v1_0_M00_AXIS_RX.vhd</spirit:name>
        <spirit:fileType>vhdlSource</spirit:fileType>
      </spirit:file>
      <spirit:file>
        <spirit:name>hdl/AXI4Stream_UART_v1_0_S00_AXIS_TX.vhd</spirit:name>
        <spirit:fileType>vhdlSource</spirit:fileType>
      </spirit:file>
      <spirit:file>
        <spirit:name>hdl/UART_Engine.vhd</spirit:name>
        <spirit:fileType>vhdlSource</spirit:fileType>
      </spirit:file>
      <spirit:file>
        <spirit:name>hdl/UART_Manager.vhd</spirit:name>
        <spirit:fileType>vhdlSource</spirit:fileType>
      </spirit:file>
      <spirit:file>
        <spirit:name>hdl/AXI4Stream_UART_v1_0.vhd</spirit:name>
        <spirit:fileType>vhdlSource</spirit:fileType>
        <spirit:userFileType>CHECKSUM_dad462a3</spirit:userFileType>
      </spirit:file>
    </spirit:fileSet>
    <spirit:fileSet>
      <spirit:name>xilinx_vhdlbehavioralsimulation_view_fileset</spirit:name>
      <spirit:file>
        <spirit:name>hdl/AXI4Stream_UART_v1_0_M00_AXIS_RX.vhd</spirit:name>
        <spirit:fileType>vhdlSource</spirit:fileType>
      </spirit:file>
      <spirit:file>
        <spirit:name>hdl/AXI4Stream_UART_v1_0_S00_AXIS_TX.vhd</spirit:name>
        <spirit:fileType>vhdlSource</spirit:fileType>
      </spirit:file>
      <spirit:file>
        <spirit:name>hdl/UART_Engine.vhd</spirit:name>
        <spirit:fileType>vhdlSource</spirit:fileType>
      </spirit:file>
      <spirit:file>
        <spirit:name>hdl/UART_Manager.vhd</spirit:name>
        <spirit:fileType>vhdlSource</spirit:fileType>
      </spirit:file>
      <spirit:file>
        <spirit:name>hdl/AXI4Stream_UART_v1_0.vhd</spirit:name>
        <spirit:fileType>vhdlSource</spirit:fileType>
      </spirit:file>
    </spirit:fileSet>
    <spirit:fileSet>
      <spirit:name>xilinx_xpgui_view_fileset</spirit:name>
      <spirit:file>
        <spirit:name>xgui/AXI4Stream_UART_v1_1.tcl</spirit:name>
        <spirit:fileType>tclSource</spirit:fileType>
        <spirit:userFileType>CHECKSUM_ae786f32</spirit:userFileType>
        <spirit:userFileType>XGUI_VERSION_2</spirit:userFileType>
      </spirit:file>
    </spirit:fileSet>
    <spirit:fileSet>
      <spirit:name>bd_tcl_view_fileset</spirit:name>
      <spirit:file>
        <spirit:name>bd/bd.tcl</spirit:name>
        <spirit:fileType>tclSource</spirit:fileType>
      </spirit:file>
    </spirit:fileSet>
    <spirit:fileSet>
      <spirit:name>xilinx_implementation_view_fileset</spirit:name>
      <spirit:file>
        <spirit:name>utils/board/board.xit</spirit:name>
        <spirit:userFileType>xit</spirit:userFileType>
        <spirit:userFileType>USED_IN_board</spirit:userFileType>
        <spirit:userFileType>USED_IN_implementation</spirit:userFileType>
        <spirit:userFileType>USED_IN_synthesis</spirit:userFileType>
      </spirit:file>
    </spirit:fileSet>
  </spirit:fileSets>
  <spirit:description>AXI4-Stream bridge to UART. Internal buffer is 16kb for Input and for Output</spirit:description>
  <spirit:parameters>
    <spirit:parameter>
      <spirit:name>Component_Name</spirit:name>
      <spirit:value spirit:resolve="user" spirit:id="PARAM_VALUE.Component_Name" spirit:order="1">AXI4Stream_UART_v1_0</spirit:value>
    </spirit:parameter>
    <spirit:parameter>
      <spirit:name>UART_BAUD_RATE</spirit:name>
      <spirit:displayName>Baud Rate</spirit:displayName>
      <spirit:value spirit:format="long" spirit:resolve="user" spirit:id="PARAM_VALUE.UART_BAUD_RATE" spirit:choiceRef="choice_list_23c37a81">115200</spirit:value>
    </spirit:parameter>
    <spirit:parameter>
      <spirit:name>UART_CLOCK_FREQUENCY</spirit:name>
      <spirit:displayName>Rs232 Clock Frequency</spirit:displayName>
      <spirit:value spirit:format="long" spirit:resolve="user" spirit:id="PARAM_VALUE.UART_CLOCK_FREQUENCY">100000000</spirit:value>
    </spirit:parameter>
    <spirit:parameter>
      <spirit:name>C_M00_AXIS_RX_TDATA_WIDTH</spirit:name>
      <spirit:displayName>C M00 Axis Rx Tdata Width</spirit:displayName>
      <spirit:value spirit:format="long" spirit:resolve="user" spirit:id="PARAM_VALUE.C_M00_AXIS_RX_TDATA_WIDTH" spirit:choiceRef="choice_list_d8920bdd">8</spirit:value>
      <spirit:vendorExtensions>
        <xilinx:parameterInfo>
          <xilinx:enablement>
            <xilinx:isEnabled xilinx:id="PARAM_ENABLEMENT.C_M00_AXIS_RX_TDATA_WIDTH">false</xilinx:isEnabled>
          </xilinx:enablement>
        </xilinx:parameterInfo>
      </spirit:vendorExtensions>
    </spirit:parameter>
    <spirit:parameter>
      <spirit:name>C_S00_AXIS_TX_TDATA_WIDTH</spirit:name>
      <spirit:displayName>C S00 Axis Tx Tdata Width</spirit:displayName>
      <spirit:value spirit:format="long" spirit:resolve="user" spirit:id="PARAM_VALUE.C_S00_AXIS_TX_TDATA_WIDTH" spirit:choiceRef="choice_list_d8920bdd">8</spirit:value>
    </spirit:parameter>
    <spirit:parameter>
      <spirit:name>USE_BOARD_FLOW</spirit:name>
      <spirit:value spirit:format="bool" spirit:resolve="user" spirit:id="PARAM_VALUE.USE_BOARD_FLOW" spirit:order="1000">false</spirit:value>
    </spirit:parameter>
    <spirit:parameter>
      <spirit:name>UART_BOARD_INTERFACE</spirit:name>
      <spirit:value spirit:resolve="user" spirit:id="PARAM_VALUE.UART_BOARD_INTERFACE" spirit:order="1001">Custom</spirit:value>
    </spirit:parameter>
  </spirit:parameters>
  <spirit:vendorExtensions>
    <xilinx:coreExtensions>
      <xilinx:supportedFamilies>
        <xilinx:family xilinx:lifeCycle="Production">artix7</xilinx:family>
        <xilinx:family xilinx:lifeCycle="Production">artix7l</xilinx:family>
        <xilinx:family xilinx:lifeCycle="Pre-Production">artixuplus</xilinx:family>
        <xilinx:family xilinx:lifeCycle="Production">qartix7</xilinx:family>
        <xilinx:family xilinx:lifeCycle="Production">qkintex7</xilinx:family>
        <xilinx:family xilinx:lifeCycle="Production">qkintex7l</xilinx:family>
        <xilinx:family xilinx:lifeCycle="Pre-Production">kintexu</xilinx:family>
        <xilinx:family xilinx:lifeCycle="Pre-Production">kintexuplus</xilinx:family>
        <xilinx:family xilinx:lifeCycle="Beta">versal</xilinx:family>
        <xilinx:family xilinx:lifeCycle="Production">qvirtex7</xilinx:family>
        <xilinx:family xilinx:lifeCycle="Pre-Production">virtexuplus</xilinx:family>
        <xilinx:family xilinx:lifeCycle="Pre-Production">virtexuplusHBM</xilinx:family>
        <xilinx:family xilinx:lifeCycle="Production">qzynq</xilinx:family>
        <xilinx:family xilinx:lifeCycle="Pre-Production">zynquplus</xilinx:family>
        <xilinx:family xilinx:lifeCycle="Production">kintex7</xilinx:family>
        <xilinx:family xilinx:lifeCycle="Production">kintex7l</xilinx:family>
        <xilinx:family xilinx:lifeCycle="Production">spartan7</xilinx:family>
        <xilinx:family xilinx:lifeCycle="Production">virtex7</xilinx:family>
        <xilinx:family xilinx:lifeCycle="Pre-Production">virtexu</xilinx:family>
        <xilinx:family xilinx:lifeCycle="Pre-Production">virtexuplus58g</xilinx:family>
        <xilinx:family xilinx:lifeCycle="Production">aartix7</xilinx:family>
        <xilinx:family xilinx:lifeCycle="Production">akintex7</xilinx:family>
        <xilinx:family xilinx:lifeCycle="Production">aspartan7</xilinx:family>
        <xilinx:family xilinx:lifeCycle="Production">azynq</xilinx:family>
        <xilinx:family xilinx:lifeCycle="Production">zynq</xilinx:family>
      </xilinx:supportedFamilies>
      <xilinx:taxonomies>
        <xilinx:taxonomy>/AXI_Peripheral/OCCI</xilinx:taxonomy>
      </xilinx:taxonomies>
      <xilinx:displayName>AXI4-Stream UART</xilinx:displayName>
      <xilinx:xpmLibraries>
        <xilinx:xpmLibrary>XPM_FIFO</xilinx:xpmLibrary>
      </xilinx:xpmLibraries>
      <xilinx:coreRevision>8</xilinx:coreRevision>
      <xilinx:upgrades>
        <xilinx:canUpgradeFrom>TimeEngineers:TDCRepo:AXI4Stream_RS232:1.0</xilinx:canUpgradeFrom>
        <xilinx:canUpgradeFrom>TimeEngineers:ip:AXI4Stream_UART:1.0</xilinx:canUpgradeFrom>
      </xilinx:upgrades>
      <xilinx:coreCreationDateTime>2025-05-16T15:04:40Z</xilinx:coreCreationDateTime>
      <xilinx:tags>
        <xilinx:tag xilinx:name="ui.data.coregen.dd@147d11f6_ARCHIVE_LOCATION">/home/nicola/Documents/vivado/DESD/IPs/ip_repo/axi4-stream-uart</xilinx:tag>
        <xilinx:tag xilinx:name="ui.data.coregen.dd@4721121a_ARCHIVE_LOCATION">/home/nicola/Documents/vivado/DESD/IPs/ip_repo/axi4-stream-uart</xilinx:tag>
        <xilinx:tag xilinx:name="ui.data.coregen.dd@278a1a92_ARCHIVE_LOCATION">/home/nicola/Documents/vivado/DESD/IPs/ip_repo/axi4-stream-uart</xilinx:tag>
        <xilinx:tag xilinx:name="ui.data.coregen.dd@1768ea1_ARCHIVE_LOCATION">/home/nicola/Documents/vivado/DESD/IPs/ip_repo/axi4-stream-uart</xilinx:tag>
        <xilinx:tag xilinx:name="ui.data.coregen.dd@65fa64bb_ARCHIVE_LOCATION">/home/nicola/Documents/vivado/DESD/IPs/ip_repo/axi4-stream-uart</xilinx:tag>
        <xilinx:tag xilinx:name="ui.data.coregen.dd@5ccd1adf_ARCHIVE_LOCATION">/home/nicola/Documents/vivado/DESD/IPs/ip_repo/axi4-stream-uart</xilinx:tag>
        <xilinx:tag xilinx:name="ui.data.coregen.dd@2b1388f3_ARCHIVE_LOCATION">/home/nicola/Documents/vivado/DESD/IPs/ip_repo/axi4-stream-uart</xilinx:tag>
        <xilinx:tag xilinx:name="ui.data.coregen.dd@5e6e5ab1_ARCHIVE_LOCATION">/home/nicola/Documents/vivado/DESD/IPs/ip_repo/axi4-stream-uart</xilinx:tag>
        <xilinx:tag xilinx:name="ui.data.coregen.dd@1e0f850e_ARCHIVE_LOCATION">/home/nicola/Documents/vivado/DESD/IPs/ip_repo/axi4-stream-uart</xilinx:tag>
        <xilinx:tag xilinx:name="ui.data.coregen.dd@7edbcc66_ARCHIVE_LOCATION">/home/nicola/Documents/vivado/DESD/IPs/ip_repo/axi4-stream-uart</xilinx:tag>
        <xilinx:tag xilinx:name="ui.data.coregen.dd@19cc28d2_ARCHIVE_LOCATION">/home/nicola/Documents/vivado/DESD/IPs/ip_repo/axi4-stream-uart</xilinx:tag>
        <xilinx:tag xilinx:name="ui.data.coregen.dd@3b4e2c79_ARCHIVE_LOCATION">/home/nicola/Documents/vivado/DESD/IPs/ip_repo/axi4-stream-uart</xilinx:tag>
        <xilinx:tag xilinx:name="ui.data.coregen.dd@113bc00f_ARCHIVE_LOCATION">/home/nicola/Documents/vivado/DESD/IPs/ip_repo/axi4-stream-uart</xilinx:tag>
        <xilinx:tag xilinx:name="ui.data.coregen.dd@7babf37e_ARCHIVE_LOCATION">/home/nicola/Documents/vivado/DESD/IPs/ip_repo/axi4-stream-uart</xilinx:tag>
        <xilinx:tag xilinx:name="ui.data.coregen.dd@3847fb05_ARCHIVE_LOCATION">/home/nicola/Documents/vivado/DESD/IPs/ip_repo/axi4-stream-uart</xilinx:tag>
        <xilinx:tag xilinx:name="ui.data.coregen.dd@4a16627c_ARCHIVE_LOCATION">/home/nicola/Documents/vivado/DESD/IPs/ip_repo/axi4-stream-uart</xilinx:tag>
        <xilinx:tag xilinx:name="ui.data.coregen.dd@b6eae74_ARCHIVE_LOCATION">/home/nicola/Documents/vivado/DESD/IPs/ip_repo/axi4-stream-uart</xilinx:tag>
        <xilinx:tag xilinx:name="ui.data.coregen.dd@1f0a78a6_ARCHIVE_LOCATION">/home/nicola/Documents/vivado/DESD/IPs/ip_repo/axi4-stream-uart</xilinx:tag>
        <xilinx:tag xilinx:name="ui.data.coregen.dd@6d20bb16_ARCHIVE_LOCATION">/home/nicola/Documents/vivado/DESD/IPs/ip_repo/axi4-stream-uart</xilinx:tag>
        <xilinx:tag xilinx:name="ui.data.coregen.dd@ff49245_ARCHIVE_LOCATION">/home/nicola/Documents/vivado/DESD/IPs/ip_repo/axi4-stream-uart</xilinx:tag>
        <xilinx:tag xilinx:name="ui.data.coregen.dd@addff5e_ARCHIVE_LOCATION">/home/nicola/Documents/vivado/DESD/IPs/ip_repo/axi4-stream-uart</xilinx:tag>
        <xilinx:tag xilinx:name="ui.data.coregen.dd@2d0be82e_ARCHIVE_LOCATION">/home/nicola/Documents/vivado/DESD/IPs/ip_repo/axi4-stream-uart</xilinx:tag>
        <xilinx:tag xilinx:name="ui.data.coregen.dd@21e45ac_ARCHIVE_LOCATION">/home/nicola/Documents/vivado/DESD/IPs/ip_repo/axi4-stream-uart</xilinx:tag>
        <xilinx:tag xilinx:name="ui.data.coregen.dd@48cceee2_ARCHIVE_LOCATION">/home/nicola/Documents/vivado/DESD/IPs/ip_repo/axi4-stream-uart</xilinx:tag>
        <xilinx:tag xilinx:name="ui.data.coregen.dd@ffdd5e4_ARCHIVE_LOCATION">/home/nicola/Documents/vivado/DESD/IPs/ip_repo/axi4-stream-uart</xilinx:tag>
        <xilinx:tag xilinx:name="ui.data.coregen.dd@33d87920_ARCHIVE_LOCATION">/home/nicola/Documents/vivado/DESD/IPs/ip_repo/axi4-stream-uart</xilinx:tag>
        <xilinx:tag xilinx:name="ui.data.coregen.dd@4d10a7af_ARCHIVE_LOCATION">/home/nicola/Documents/vivado/DESD/IPs/ip_repo/axi4-stream-uart</xilinx:tag>
        <xilinx:tag xilinx:name="ui.data.coregen.dd@4f31ead_ARCHIVE_LOCATION">/home/nicola/Documents/vivado/DESD/IPs/ip_repo/axi4-stream-uart</xilinx:tag>
        <xilinx:tag xilinx:name="ui.data.coregen.dd@6a75cc8c_ARCHIVE_LOCATION">/home/nicola/Documents/Vivado/Repositories/2020.2/Utility_Ip_Core/ip_repo/AXI_Peripheral/OOCI/axi4-stream-rs232</xilinx:tag>
        <xilinx:tag xilinx:name="ui.data.coregen.dd@6d254d4a_ARCHIVE_LOCATION">/home/nicola/Documents/Vivado/Repositories/2020.2/Utility_Ip_Core/ip_repo/AXI_Peripheral/OOCI/axi4-stream-rs232</xilinx:tag>
        <xilinx:tag xilinx:name="ui.data.coregen.dd@22b38723_ARCHIVE_LOCATION">/home/nicola/Documents/Vivado/Repositories/2020.2/Utility_Ip_Core/ip_repo/AXI_Peripheral/OOCI/axi4-stream-rs232</xilinx:tag>
        <xilinx:tag xilinx:name="ui.data.coregen.dd@1881a380_ARCHIVE_LOCATION">/home/nicola/Documents/Vivado/Repositories/2020.2/Utility_Ip_Core/ip_repo/AXI_Peripheral/OOCI/axi4-stream-rs232</xilinx:tag>
        <xilinx:tag xilinx:name="ui.data.coregen.dd@5ec465cd_ARCHIVE_LOCATION">/home/nicola/Documents/Vivado/Repositories/2020.2/Utility_Ip_Core/ip_repo/AXI_Peripheral/OOCI/axi4-stream-rs232</xilinx:tag>
        <xilinx:tag xilinx:name="ui.data.coregen.dd@e7a26f8_ARCHIVE_LOCATION">/home/nicola/Documents/Vivado/Repositories/2020.2/Utility_Ip_Core/ip_repo/AXI_Peripheral/OOCI/axi4-stream-rs232</xilinx:tag>
        <xilinx:tag xilinx:name="ui.data.coregen.dd@58a475d6_ARCHIVE_LOCATION">/home/nicola/Documents/Vivado/Repositories/2020.2/Utility_Ip_Core/ip_repo/AXI_Peripheral/OOCI/axi4-stream-rs232</xilinx:tag>
        <xilinx:tag xilinx:name="ui.data.coregen.dd@48233900_ARCHIVE_LOCATION">/home/nicola/Documents/Vivado/Repositories/2020.2/Utility_Ip_Core/ip_repo/AXI_Peripheral/OOCI/axi4-stream-rs232</xilinx:tag>
        <xilinx:tag xilinx:name="ui.data.coregen.dd@6db978c4_ARCHIVE_LOCATION">/home/nicola/Documents/Vivado/Repositories/2020.2/Utility_Ip_Core/ip_repo/AXI_Peripheral/OOCI/axi4-stream-rs232</xilinx:tag>
        <xilinx:tag xilinx:name="ui.data.coregen.dd@1b02ac38_ARCHIVE_LOCATION">/home/nicola/Documents/Vivado/Repositories/2020.2/Utility_Ip_Core/ip_repo/AXI_Peripheral/OOCI/axi4-stream-rs232</xilinx:tag>
        <xilinx:tag xilinx:name="ui.data.coregen.dd@11694a2b_ARCHIVE_LOCATION">/home/nicola/Documents/Vivado/Repositories/2020.2/Utility_Ip_Core/ip_repo/AXI_Peripheral/OOCI/axi4-stream-rs232</xilinx:tag>
        <xilinx:tag xilinx:name="ui.data.coregen.dd@755b0cc8_ARCHIVE_LOCATION">/home/nicola/Documents/Vivado/Repositories/2020.2/Utility_Ip_Core/ip_repo/AXI_Peripheral/OOCI/axi4-stream-rs232</xilinx:tag>
        <xilinx:tag xilinx:name="ui.data.coregen.dd@4d3fbc12_ARCHIVE_LOCATION">/home/nicola/Documents/Vivado/Repositories/2020.2/Utility_Ip_Core/ip_repo/AXI_Peripheral/OOCI/axi4-stream-rs232</xilinx:tag>
        <xilinx:tag xilinx:name="ui.data.coregen.dd@7be02c81_ARCHIVE_LOCATION">d:/projects/AXI4-Stream_UART</xilinx:tag>
        <xilinx:tag xilinx:name="ui.data.coregen.dd@48bbb836_ARCHIVE_LOCATION">d:/projects/AXI4-Stream_UART</xilinx:tag>
        <xilinx:tag xilinx:name="ui.data.coregen.dd@68872630_ARCHIVE_LOCATION">d:/projects/AXI4-Stream_UART</xilinx:tag>
        <xilinx:tag xilinx:name="ui.data.coregen.dd@771a3706_ARCHIVE_LOCATION">d:/projects/AXI4-Stream_UART</xilinx:tag>
        <xilinx:tag xilinx:name="ui.data.coregen.dd@481fcfa2_ARCHIVE_LOCATION">d:/projects/AXI4-Stream_UART</xilinx:tag>
        <xilinx:tag xilinx:name="ui.data.coregen.dd@5ac6beb0_ARCHIVE_LOCATION">d:/projects/AXI4-Stream_UART</xilinx:tag>
        <xilinx:tag xilinx:name="ui.data.coregen.dd@5cdd064_ARCHIVE_LOCATION">d:/projects/AXI4-Stream_UART</xilinx:tag>
        <xilinx:tag xilinx:name="ui.data.coregen.dd@2ee20ae8_ARCHIVE_LOCATION">d:/projects/AXI4-Stream_UART</xilinx:tag>
        <xilinx:tag xilinx:name="ui.data.coregen.dd@59d36097_ARCHIVE_LOCATION">d:/projects/AXI4-Stream_UART</xilinx:tag>
        <xilinx:tag xilinx:name="ui.data.coregen.dd@3bc32d34_ARCHIVE_LOCATION">d:/projects/AXI4-Stream_UART</xilinx:tag>
        <xilinx:tag xilinx:name="ui.data.coregen.dd@e07c6dc_ARCHIVE_LOCATION">d:/projects/AXI4-Stream_UART</xilinx:tag>
        <xilinx:tag xilinx:name="ui.data.coregen.dd@bb1bc34_ARCHIVE_LOCATION">d:/projects/AXI4-Stream_UART</xilinx:tag>
        <xilinx:tag xilinx:name="ui.data.coregen.dd@3b58e7c5_ARCHIVE_LOCATION">d:/projects/AXI4-Stream_UART</xilinx:tag>
        <xilinx:tag xilinx:name="ui.data.coregen.dd@3065cd89_ARCHIVE_LOCATION">d:/projects/AXI4-Stream_UART</xilinx:tag>
        <xilinx:tag xilinx:name="ui.data.coregen.dd@6dd79009_ARCHIVE_LOCATION">d:/projects/AXI4-Stream_UART</xilinx:tag>
        <xilinx:tag xilinx:name="ui.data.coregen.dd@c2350bc_ARCHIVE_LOCATION">d:/projects/AXI4-Stream_UART</xilinx:tag>
        <xilinx:tag xilinx:name="ui.data.coregen.dd@437fc1ca_ARCHIVE_LOCATION">d:/projects/AXI4-Stream_UART</xilinx:tag>
        <xilinx:tag xilinx:name="ui.data.coregen.dd@64cb4ae_ARCHIVE_LOCATION">d:/projects/AXI4-Stream_UART</xilinx:tag>
        <xilinx:tag xilinx:name="ui.data.coregen.dd@14ae0193_ARCHIVE_LOCATION">d:/projects/AXI4-Stream_UART</xilinx:tag>
        <xilinx:tag xilinx:name="ui.data.coregen.dd@446f5468_ARCHIVE_LOCATION">d:/projects/AXI4-Stream_UART</xilinx:tag>
        <xilinx:tag xilinx:name="ui.data.coregen.dd@1fd70a4b_ARCHIVE_LOCATION">d:/projects/AXI4-Stream_UART</xilinx:tag>
        <xilinx:tag xilinx:name="ui.data.coregen.dd@37230517_ARCHIVE_LOCATION">d:/projects/AXI4-Stream_UART</xilinx:tag>
        <xilinx:tag xilinx:name="ui.data.coregen.dd@5fedc1bb_ARCHIVE_LOCATION">d:/projects/AXI4-Stream_UART</xilinx:tag>
        <xilinx:tag xilinx:name="ui.data.coregen.dd@2f41721f_ARCHIVE_LOCATION">d:/projects/AXI4-Stream_UART</xilinx:tag>
        <xilinx:tag xilinx:name="ui.data.coregen.dd@532d31bc_ARCHIVE_LOCATION">d:/projects/AXI4-Stream_UART</xilinx:tag>
        <xilinx:tag xilinx:name="ui.data.coregen.dd@206c1743_ARCHIVE_LOCATION">d:/projects/AXI4-Stream_UART</xilinx:tag>
        <xilinx:tag xilinx:name="ui.data.coregen.dd@2347b540_ARCHIVE_LOCATION">d:/projects/AXI4-Stream_UART</xilinx:tag>
        <xilinx:tag xilinx:name="ui.data.coregen.dd@21a4d10a_ARCHIVE_LOCATION">d:/projects/AXI4-Stream_UART</xilinx:tag>
        <xilinx:tag xilinx:name="ui.data.coregen.dd@7e4e894a_ARCHIVE_LOCATION">d:/projects/AXI4-Stream_UART</xilinx:tag>
        <xilinx:tag xilinx:name="ui.data.coregen.dd@2b82f914_ARCHIVE_LOCATION">d:/projects/AXI4-Stream_UART</xilinx:tag>
      </xilinx:tags>
    </xilinx:coreExtensions>
    <xilinx:packagingInfo>
      <xilinx:xilinxVersion>2020.2</xilinx:xilinxVersion>
      <xilinx:checksum xilinx:scope="busInterfaces" xilinx:value="b59b4e5a"/>
      <xilinx:checksum xilinx:scope="fileGroups" xilinx:value="d5e0d54f"/>
      <xilinx:checksum xilinx:scope="ports" xilinx:value="a9681487"/>
      <xilinx:checksum xilinx:scope="hdlParameters" xilinx:value="f305a3bd"/>
      <xilinx:checksum xilinx:scope="parameters" xilinx:value="06447ef8"/>
    </xilinx:packagingInfo>
  </spirit:vendorExtensions>
</spirit:component>
