<?xml version="1.0" encoding="UTF-8"?>
<GenRun Id="synth_1" LaunchPart="xc7a35tcpg236-1" LaunchTime="1741012241">
  <File Type="PA-TCL" Name="PulseWidthModulator.tcl"/>
  <File Type="REPORTS-TCL" Name="PulseWidthModulator_reports.tcl"/>
  <File Type="RDS-RDS" Name="PulseWidthModulator.vds"/>
  <File Type="RDS-UTIL" Name="PulseWidthModulator_utilization_synth.rpt"/>
  <File Type="RDS-UTIL-PB" Name="PulseWidthModulator_utilization_synth.pb"/>
  <File Type="RDS-DCP" Name="PulseWidthModulator.dcp"/>
  <FileSet Name="sources" Type="DesignSrcs" RelSrcDir="$PSRCDIR/sources_1" RelGenDir="$PGENDIR/sources_1">
    <Filter Type="Srcs"/>
    <File Path="$PSRCDIR/sources_1/new/PulseWidthModulator.vhd">
      <FileInfo>
        <Attr Name="ImportPath" Val="$PPRDIR/../../../../lab_0_PWM.srcs/sources_1/new/PulseWidthModulator.vhd"/>
        <Attr Name="ImportTime" Val="1741010532"/>
        <Attr Name="UsedIn" Val="synthesis"/>
        <Attr Name="UsedIn" Val="simulation"/>
      </FileInfo>
    </File>
    <Config>
      <Option Name="DesignMode" Val="RTL"/>
      <Option Name="TopModule" Val="PulseWidthModulator"/>
    </Config>
  </FileSet>
  <FileSet Name="constrs_in" Type="Constrs" RelSrcDir="$PSRCDIR/constrs_1">
    <Filter Type="Constrs"/>
    <File Path="$PSRCDIR/constrs_1/new/constraints.xdc">
      <FileInfo>
        <Attr Name="ImportPath" Val="$PPRDIR/../../../../lab_0_PWM.srcs/constrs_1/new/constraints.xdc"/>
        <Attr Name="ImportTime" Val="1741012212"/>
        <Attr Name="UsedIn" Val="synthesis"/>
        <Attr Name="UsedIn" Val="implementation"/>
      </FileInfo>
    </File>
    <Config>
      <Option Name="ConstrsType" Val="XDC"/>
    </Config>
  </FileSet>
  <FileSet Name="utils" Type="Utils" RelSrcDir="$PSRCDIR/utils_1">
    <Filter Type="Utils"/>
    <Config>
      <Option Name="TopAutoSet" Val="TRUE"/>
    </Config>
  </FileSet>
  <Strategy Version="1" Minor="2">
    <StratHandle Name="Vivado Synthesis Defaults" Flow="Vivado Synthesis 2020"/>
    <Step Id="synth_design"/>
  </Strategy>
</GenRun>
